2026-05-08 00:38:43 | INFO     | Main | main:53 | Mode: FULL PIPELINE
2026-05-08 00:38:43 | INFO     | PipelineOrchestrator | run_full_pipeline:105 | ============================================================
2026-05-08 00:38:43 | INFO     | PipelineOrchestrator | run_full_pipeline:106 | STARTING FULL ETL PIPELINE (Memory-Optimized)
2026-05-08 00:38:43 | INFO     | PipelineOrchestrator | run_full_pipeline:107 | Timestamp: 2026-05-08T00:38:43.783166
2026-05-08 00:38:43 | INFO     | PipelineOrchestrator | run_full_pipeline:108 | ============================================================
2026-05-08 00:38:43 | INFO     | PipelineOrchestrator | _step_create_dataset:390 | ────────────────────────────────────────
2026-05-08 00:38:43 | INFO     | PipelineOrchestrator | _step_create_dataset:391 | STEP: Creating BigQuery dataset...
2026-05-08 00:38:46 | INFO     | BigQueryLoader | create_dataset_if_not_exists:47 | Dataset 'minpyws.techstore_analytics' already exists
2026-05-08 00:38:46 | INFO     | PipelineOrchestrator | run_full_pipeline:117 | ────────────────────────────────────────
2026-05-08 00:38:46 | INFO     | PipelineOrchestrator | run_full_pipeline:118 | PHASE A: DIMENSIONS [RAM: 117 MB]
2026-05-08 00:38:46 | INFO     | SapoExtractor | extract_customers:36 | Starting customer extraction...
2026-05-08 00:38:46 | INFO     | SapoExtractor | extract_json_gzip_batches:119 | Extracting batch 1/10: shared/customers/customers_batch_0.json.gz
2026-05-08 00:38:46 | INFO     | SapoExtractor | extract_json_gzip:22 | Extracting: gs://minpy/shared/customers/customers_batch_0.json.gz
2026-05-08 00:38:52 | INFO     | SapoExtractor | extract_json_gzip:51 | Extracted 10000 records from shared/customers/customers_batch_0.json.gz
2026-05-08 00:38:52 | INFO     | SapoExtractor | extract_json_gzip_batches:119 | Extracting batch 2/10: shared/customers/customers_batch_1.json.gz
2026-05-08 00:38:52 | INFO     | SapoExtractor | extract_json_gzip:22 | Extracting: gs://minpy/shared/customers/customers_batch_1.json.gz
2026-05-08 00:38:55 | INFO     | SapoExtractor | extract_json_gzip:51 | Extracted 10000 records from shared/customers/customers_batch_1.json.gz
2026-05-08 00:38:55 | INFO     | SapoExtractor | extract_json_gzip_batches:119 | Extracting batch 3/10: shared/customers/customers_batch_2.json.gz
2026-05-08 00:38:55 | INFO     | SapoExtractor | extract_json_gzip:22 | Extracting: gs://minpy/shared/customers/customers_batch_2.json.gz
2026-05-08 00:38:57 | INFO     | SapoExtractor | extract_json_gzip:51 | Extracted 10000 records from shared/customers/customers_batch_2.json.gz
2026-05-08 00:38:57 | INFO     | SapoExtractor | extract_json_gzip_batches:119 | Extracting batch 4/10: shared/customers/customers_batch_3.json.gz
2026-05-08 00:38:57 | INFO     | SapoExtractor | extract_json_gzip:22 | Extracting: gs://minpy/shared/customers/customers_batch_3.json.gz
2026-05-08 00:39:00 | INFO     | SapoExtractor | extract_json_gzip:51 | Extracted 10000 records from shared/customers/customers_batch_3.json.gz
2026-05-08 00:39:00 | INFO     | SapoExtractor | extract_json_gzip_batches:119 | Extracting batch 5/10: shared/customers/customers_batch_4.json.gz
2026-05-08 00:39:00 | INFO     | SapoExtractor | extract_json_gzip:22 | Extracting: gs://minpy/shared/customers/customers_batch_4.json.gz
2026-05-08 00:39:02 | INFO     | SapoExtractor | extract_json_gzip:51 | Extracted 10000 records from shared/customers/customers_batch_4.json.gz
2026-05-08 00:39:02 | INFO     | SapoExtractor | extract_json_gzip_batches:119 | Extracting batch 6/10: shared/customers/customers_batch_5.json.gz
2026-05-08 00:39:02 | INFO     | SapoExtractor | extract_json_gzip:22 | Extracting: gs://minpy/shared/customers/customers_batch_5.json.gz
2026-05-08 00:39:05 | INFO     | SapoExtractor | extract_json_gzip:51 | Extracted 10000 records from shared/customers/customers_batch_5.json.gz
2026-05-08 00:39:05 | INFO     | SapoExtractor | extract_json_gzip_batches:119 | Extracting batch 7/10: shared/customers/customers_batch_6.json.gz
2026-05-08 00:39:05 | INFO     | SapoExtractor | extract_json_gzip:22 | Extracting: gs://minpy/shared/customers/customers_batch_6.json.gz
2026-05-08 00:39:07 | INFO     | SapoExtractor | extract_json_gzip:51 | Extracted 10000 records from shared/customers/customers_batch_6.json.gz
2026-05-08 00:39:07 | INFO     | SapoExtractor | extract_json_gzip_batches:119 | Extracting batch 8/10: shared/customers/customers_batch_7.json.gz
2026-05-08 00:39:07 | INFO     | SapoExtractor | extract_json_gzip:22 | Extracting: gs://minpy/shared/customers/customers_batch_7.json.gz
2026-05-08 00:39:10 | INFO     | SapoExtractor | extract_json_gzip:51 | Extracted 10000 records from shared/customers/customers_batch_7.json.gz
2026-05-08 00:39:10 | INFO     | SapoExtractor | extract_json_gzip_batches:119 | Extracting batch 9/10: shared/customers/customers_batch_8.json.gz
2026-05-08 00:39:10 | INFO     | SapoExtractor | extract_json_gzip:22 | Extracting: gs://minpy/shared/customers/customers_batch_8.json.gz
2026-05-08 00:39:13 | INFO     | SapoExtractor | extract_json_gzip:51 | Extracted 10000 records from shared/customers/customers_batch_8.json.gz
2026-05-08 00:39:13 | INFO     | SapoExtractor | extract_json_gzip_batches:119 | Extracting batch 10/10: shared/customers/customers_batch_9.json.gz
2026-05-08 00:39:13 | INFO     | SapoExtractor | extract_json_gzip:22 | Extracting: gs://minpy/shared/customers/customers_batch_9.json.gz
2026-05-08 00:39:15 | INFO     | SapoExtractor | extract_json_gzip:51 | Extracted 10000 records from shared/customers/customers_batch_9.json.gz
2026-05-08 00:39:15 | INFO     | SapoExtractor | extract_json_gzip_batches:125 | Total records from 10 batches: 100000
2026-05-08 00:39:15 | INFO     | SapoExtractor | extract_customers:42 | Customer extraction complete: 100000 customers
2026-05-08 00:39:15 | INFO     | SapoExtractor | extract_products:52 | Starting products extraction...
2026-05-08 00:39:15 | INFO     | SapoExtractor | extract_json_gzip:22 | Extracting: gs://minpy/shared/products.json.gz
2026-05-08 00:39:17 | INFO     | SapoExtractor | extract_json_gzip:51 | Extracted 1300 records from shared/products.json.gz
2026-05-08 00:39:17 | INFO     | SapoExtractor | extract_products:54 | Products extraction complete: 1300 products
2026-05-08 00:39:17 | INFO     | SapoExtractor | extract_locations:64 | Starting locations extraction...
2026-05-08 00:39:17 | INFO     | SapoExtractor | extract_json_gzip:22 | Extracting: gs://minpy/shared/sapo_locations.json.gz
2026-05-08 00:39:17 | INFO     | SapoExtractor | extract_json_gzip:51 | Extracted 50 records from shared/sapo_locations.json.gz
2026-05-08 00:39:17 | INFO     | SapoExtractor | extract_locations:66 | Locations extraction complete: 50 locations
2026-05-08 00:39:17 | INFO     | SapoExtractor | extract_orders:24 | Starting Sapo orders extraction...
2026-05-08 00:39:17 | INFO     | SapoExtractor | extract_json_gzip:22 | Extracting: gs://minpy/sapo/transactions.json.gz
2026-05-08 00:39:21 | INFO     | SapoExtractor | extract_json_gzip:51 | Extracted 5000 records from sapo/transactions.json.gz
2026-05-08 00:39:21 | INFO     | SapoExtractor | extract_orders:26 | Sapo extraction complete: 5000 orders
2026-05-08 00:39:21 | INFO     | DimensionTransformer | transform_dim_customers:33 | Transforming dim_customers...
2026-05-08 00:39:22 | INFO     | DimensionTransformer | check_duplicates:72 | [dim_customers] No duplicates found on ['customer_id']
2026-05-08 00:39:22 | INFO     | DimensionTransformer | validate_date_range:116 | [dim_customers] Date range for 'created_at': 2023-12-17 19:59:26.237721 to 2025-12-15 19:59:37.375962
2026-05-08 00:39:22 | INFO     | DimensionTransformer | transform_dim_customers:70 | dim_customers: 100000 rows
2026-05-08 00:39:22 | INFO     | DimensionTransformer | transform_dim_products:86 | Transforming dim_products...
2026-05-08 00:39:22 | INFO     | DimensionTransformer | check_duplicates:72 | [dim_products] No duplicates found on ['product_id']
2026-05-08 00:39:22 | INFO     | DimensionTransformer | validate_amounts:152 | [dim_products] 'price_vnd' stats: mean=19,338,538, median=6,850,000, std=26,822,415
2026-05-08 00:39:22 | WARNING  | DimensionTransformer | validate_amounts:161 | [dim_products] Column 'price_vnd': 40 potential outliers (>3σ)
2026-05-08 00:39:22 | INFO     | DimensionTransformer | validate_amounts:152 | [dim_products] 'price_usd' stats: mean=806, median=285, std=1,118
2026-05-08 00:39:22 | WARNING  | DimensionTransformer | validate_amounts:161 | [dim_products] Column 'price_usd': 40 potential outliers (>3σ)
2026-05-08 00:39:22 | INFO     | DimensionTransformer | transform_dim_products:114 | dim_products: 1300 rows
2026-05-08 00:39:22 | INFO     | DimensionTransformer | transform_dim_locations:130 | Transforming dim_locations...
2026-05-08 00:39:22 | INFO     | DimensionTransformer | check_duplicates:72 | [dim_locations] No duplicates found on ['location_id']
2026-05-08 00:39:22 | INFO     | DimensionTransformer | transform_dim_locations:159 | dim_locations: 50 rows
2026-05-08 00:39:22 | INFO     | DimensionTransformer | transform_dim_staff:176 | Transforming dim_staff...
2026-05-08 00:39:22 | WARNING  | DimensionTransformer | transform_dim_staff:207 | No staff data available. Creating empty dim_staff.
2026-05-08 00:39:22 | INFO     | DimensionTransformer | transform_dim_date:230 | Generating dim_date from 2024-01-01 to 2027-12-31...
2026-05-08 00:39:23 | INFO     | DimensionTransformer | transform_dim_date:262 | dim_date: 1461 rows generated
2026-05-08 00:39:23 | INFO     | PipelineOrchestrator | _load_tables:370 | Loading Dimensions to BigQuery...
2026-05-08 00:39:23 | INFO     | BigQueryLoader | load_dataframe:74 | Loading 100000 rows into minpyws.techstore_analytics.dim_customers (disposition: WRITE_TRUNCATE)...
2026-05-08 00:39:23 | INFO     | BigQueryLoader | load_dataframe:91 |   Partitioning on: created_at
2026-05-08 00:39:38 | INFO     | BigQueryLoader | load_dataframe:107 | Successfully loaded 100000 rows into minpyws.techstore_analytics.dim_customers
2026-05-08 00:39:38 | INFO     | BigQueryLoader | load_dataframe:74 | Loading 1300 rows into minpyws.techstore_analytics.dim_products (disposition: WRITE_TRUNCATE)...
2026-05-08 00:39:47 | INFO     | BigQueryLoader | load_dataframe:107 | Successfully loaded 1300 rows into minpyws.techstore_analytics.dim_products
2026-05-08 00:39:47 | INFO     | BigQueryLoader | load_dataframe:74 | Loading 50 rows into minpyws.techstore_analytics.dim_locations (disposition: WRITE_TRUNCATE)...
2026-05-08 00:39:53 | INFO     | BigQueryLoader | load_dataframe:107 | Successfully loaded 50 rows into minpyws.techstore_analytics.dim_locations
2026-05-08 00:39:53 | WARNING  | PipelineOrchestrator | _load_tables:382 | Skipping empty table: dim_staff
2026-05-08 00:39:53 | INFO     | BigQueryLoader | load_dataframe:74 | Loading 1461 rows into minpyws.techstore_analytics.dim_date (disposition: WRITE_TRUNCATE)...
2026-05-08 00:39:58 | INFO     | BigQueryLoader | load_dataframe:107 | Successfully loaded 1461 rows into minpyws.techstore_analytics.dim_date
2026-05-08 00:39:58 | INFO     | PipelineOrchestrator | run_full_pipeline:151 | Phase A complete. [RAM: 196 MB]
2026-05-08 00:39:58 | INFO     | PipelineOrchestrator | run_full_pipeline:156 | ────────────────────────────────────────
2026-05-08 00:39:58 | INFO     | PipelineOrchestrator | run_full_pipeline:157 | PHASE B: ORDER FACTS [RAM: 196 MB]
2026-05-08 00:39:58 | INFO     | ShopifyExtractor | extract_orders:23 | Starting Shopify orders extraction...
2026-05-08 00:39:58 | INFO     | ShopifyExtractor | extract_json_gzip_batches:119 | Extracting batch 1/5: shopify/orders_batch_0.json.gz
2026-05-08 00:39:58 | INFO     | ShopifyExtractor | extract_json_gzip:22 | Extracting: gs://minpy/shopify/orders_batch_0.json.gz
2026-05-08 00:40:14 | INFO     | ShopifyExtractor | extract_json_gzip:51 | Extracted 100000 records from shopify/orders_batch_0.json.gz
2026-05-08 00:40:15 | INFO     | ShopifyExtractor | extract_json_gzip_batches:119 | Extracting batch 2/5: shopify/orders_batch_1.json.gz
2026-05-08 00:40:15 | INFO     | ShopifyExtractor | extract_json_gzip:22 | Extracting: gs://minpy/shopify/orders_batch_1.json.gz
2026-05-08 00:40:29 | INFO     | ShopifyExtractor | extract_json_gzip:51 | Extracted 100000 records from shopify/orders_batch_1.json.gz
2026-05-08 00:40:30 | INFO     | ShopifyExtractor | extract_json_gzip_batches:119 | Extracting batch 3/5: shopify/orders_batch_2.json.gz
2026-05-08 00:40:30 | INFO     | ShopifyExtractor | extract_json_gzip:22 | Extracting: gs://minpy/shopify/orders_batch_2.json.gz
2026-05-08 00:40:51 | INFO     | ShopifyExtractor | extract_json_gzip:51 | Extracted 100000 records from shopify/orders_batch_2.json.gz
2026-05-08 00:40:51 | INFO     | ShopifyExtractor | extract_json_gzip_batches:119 | Extracting batch 4/5: shopify/orders_batch_3.json.gz
2026-05-08 00:40:51 | INFO     | ShopifyExtractor | extract_json_gzip:22 | Extracting: gs://minpy/shopify/orders_batch_3.json.gz
2026-05-08 00:41:09 | INFO     | ShopifyExtractor | extract_json_gzip:51 | Extracted 100000 records from shopify/orders_batch_3.json.gz
2026-05-08 00:41:12 | INFO     | ShopifyExtractor | extract_json_gzip_batches:119 | Extracting batch 5/5: shopify/orders_batch_4.json.gz
2026-05-08 00:41:12 | INFO     | ShopifyExtractor | extract_json_gzip:22 | Extracting: gs://minpy/shopify/orders_batch_4.json.gz
2026-05-08 00:41:37 | INFO     | ShopifyExtractor | extract_json_gzip:51 | Extracted 100000 records from shopify/orders_batch_4.json.gz
2026-05-08 00:41:41 | INFO     | ShopifyExtractor | extract_json_gzip_batches:125 | Total records from 5 batches: 500000
2026-05-08 00:41:41 | INFO     | ShopifyExtractor | extract_orders:29 | Shopify extraction complete: 500000 total orders
2026-05-08 00:41:41 | INFO     | SapoExtractor | extract_online_orders:76 | Starting online orders extraction...
2026-05-08 00:41:41 | INFO     | SapoExtractor | extract_json_gzip:22 | Extracting: gs://minpy/online_orders/online_orders.json.gz
2026-05-08 00:43:33 | ERROR    | PipelineOrchestrator | run_full_pipeline:279 | PIPELINE FAILED after 289.7s: 
2026-05-08 00:43:33 | ERROR    | Main | main:91 | Pipeline failed: 
2026-05-08 01:04:08 | INFO     | Main | main:53 | Mode: FULL PIPELINE
2026-05-08 01:04:09 | INFO     | PipelineOrchestrator | run_full_pipeline:106 | ============================================================
2026-05-08 01:04:09 | INFO     | PipelineOrchestrator | run_full_pipeline:107 | STARTING FULL ETL PIPELINE (Memory-Optimized)
2026-05-08 01:04:09 | INFO     | PipelineOrchestrator | run_full_pipeline:108 | Timestamp: 2026-05-08T01:04:09.064159
2026-05-08 01:04:09 | INFO     | PipelineOrchestrator | run_full_pipeline:109 | ============================================================
2026-05-08 01:04:09 | INFO     | PipelineOrchestrator | _step_create_dataset:412 | ────────────────────────────────────────
2026-05-08 01:04:09 | INFO     | PipelineOrchestrator | _step_create_dataset:413 | STEP: Creating BigQuery dataset...
2026-05-08 01:04:10 | INFO     | BigQueryLoader | create_dataset_if_not_exists:47 | Dataset 'minpyws.techstore_analytics' already exists
2026-05-08 01:04:10 | INFO     | PipelineOrchestrator | run_full_pipeline:118 | ────────────────────────────────────────
2026-05-08 01:04:10 | INFO     | PipelineOrchestrator | run_full_pipeline:119 | PHASE A: DIMENSIONS [RAM: 117 MB]
2026-05-08 01:04:10 | INFO     | SapoExtractor | extract_customers:36 | Starting customer extraction...
2026-05-08 01:04:10 | INFO     | SapoExtractor | extract_json_gzip_batches:119 | Extracting batch 1/10: shared/customers/customers_batch_0.json.gz
2026-05-08 01:04:10 | INFO     | SapoExtractor | extract_json_gzip:22 | Extracting: gs://minpy/shared/customers/customers_batch_0.json.gz
2026-05-08 01:04:15 | INFO     | SapoExtractor | extract_json_gzip:51 | Extracted 10000 records from shared/customers/customers_batch_0.json.gz
2026-05-08 01:04:15 | INFO     | SapoExtractor | extract_json_gzip_batches:119 | Extracting batch 2/10: shared/customers/customers_batch_1.json.gz
2026-05-08 01:04:15 | INFO     | SapoExtractor | extract_json_gzip:22 | Extracting: gs://minpy/shared/customers/customers_batch_1.json.gz
2026-05-08 01:04:18 | INFO     | SapoExtractor | extract_json_gzip:51 | Extracted 10000 records from shared/customers/customers_batch_1.json.gz
2026-05-08 01:04:18 | INFO     | SapoExtractor | extract_json_gzip_batches:119 | Extracting batch 3/10: shared/customers/customers_batch_2.json.gz
2026-05-08 01:04:18 | INFO     | SapoExtractor | extract_json_gzip:22 | Extracting: gs://minpy/shared/customers/customers_batch_2.json.gz
2026-05-08 01:04:21 | INFO     | SapoExtractor | extract_json_gzip:51 | Extracted 10000 records from shared/customers/customers_batch_2.json.gz
2026-05-08 01:04:21 | INFO     | SapoExtractor | extract_json_gzip_batches:119 | Extracting batch 4/10: shared/customers/customers_batch_3.json.gz
2026-05-08 01:04:21 | INFO     | SapoExtractor | extract_json_gzip:22 | Extracting: gs://minpy/shared/customers/customers_batch_3.json.gz
2026-05-08 01:04:23 | INFO     | SapoExtractor | extract_json_gzip:51 | Extracted 10000 records from shared/customers/customers_batch_3.json.gz
2026-05-08 01:04:23 | INFO     | SapoExtractor | extract_json_gzip_batches:119 | Extracting batch 5/10: shared/customers/customers_batch_4.json.gz
2026-05-08 01:04:23 | INFO     | SapoExtractor | extract_json_gzip:22 | Extracting: gs://minpy/shared/customers/customers_batch_4.json.gz
2026-05-08 01:04:26 | INFO     | SapoExtractor | extract_json_gzip:51 | Extracted 10000 records from shared/customers/customers_batch_4.json.gz
2026-05-08 01:04:26 | INFO     | SapoExtractor | extract_json_gzip_batches:119 | Extracting batch 6/10: shared/customers/customers_batch_5.json.gz
2026-05-08 01:04:26 | INFO     | SapoExtractor | extract_json_gzip:22 | Extracting: gs://minpy/shared/customers/customers_batch_5.json.gz
2026-05-08 01:04:28 | INFO     | SapoExtractor | extract_json_gzip:51 | Extracted 10000 records from shared/customers/customers_batch_5.json.gz
2026-05-08 01:04:28 | INFO     | SapoExtractor | extract_json_gzip_batches:119 | Extracting batch 7/10: shared/customers/customers_batch_6.json.gz
2026-05-08 01:04:28 | INFO     | SapoExtractor | extract_json_gzip:22 | Extracting: gs://minpy/shared/customers/customers_batch_6.json.gz
2026-05-08 01:04:31 | INFO     | SapoExtractor | extract_json_gzip:51 | Extracted 10000 records from shared/customers/customers_batch_6.json.gz
2026-05-08 01:04:31 | INFO     | SapoExtractor | extract_json_gzip_batches:119 | Extracting batch 8/10: shared/customers/customers_batch_7.json.gz
2026-05-08 01:04:31 | INFO     | SapoExtractor | extract_json_gzip:22 | Extracting: gs://minpy/shared/customers/customers_batch_7.json.gz
2026-05-08 01:04:33 | INFO     | SapoExtractor | extract_json_gzip:51 | Extracted 10000 records from shared/customers/customers_batch_7.json.gz
2026-05-08 01:04:33 | INFO     | SapoExtractor | extract_json_gzip_batches:119 | Extracting batch 9/10: shared/customers/customers_batch_8.json.gz
2026-05-08 01:04:33 | INFO     | SapoExtractor | extract_json_gzip:22 | Extracting: gs://minpy/shared/customers/customers_batch_8.json.gz
2026-05-08 01:04:36 | INFO     | SapoExtractor | extract_json_gzip:51 | Extracted 10000 records from shared/customers/customers_batch_8.json.gz
2026-05-08 01:04:36 | INFO     | SapoExtractor | extract_json_gzip_batches:119 | Extracting batch 10/10: shared/customers/customers_batch_9.json.gz
2026-05-08 01:04:36 | INFO     | SapoExtractor | extract_json_gzip:22 | Extracting: gs://minpy/shared/customers/customers_batch_9.json.gz
2026-05-08 01:04:38 | INFO     | SapoExtractor | extract_json_gzip:51 | Extracted 10000 records from shared/customers/customers_batch_9.json.gz
2026-05-08 01:04:38 | INFO     | SapoExtractor | extract_json_gzip_batches:125 | Total records from 10 batches: 100000
2026-05-08 01:04:38 | INFO     | SapoExtractor | extract_customers:42 | Customer extraction complete: 100000 customers
2026-05-08 01:04:38 | INFO     | SapoExtractor | extract_products:52 | Starting products extraction...
2026-05-08 01:04:38 | INFO     | SapoExtractor | extract_json_gzip:22 | Extracting: gs://minpy/shared/products.json.gz
2026-05-08 01:04:40 | INFO     | SapoExtractor | extract_json_gzip:51 | Extracted 1300 records from shared/products.json.gz
2026-05-08 01:04:40 | INFO     | SapoExtractor | extract_products:54 | Products extraction complete: 1300 products
2026-05-08 01:04:40 | INFO     | SapoExtractor | extract_locations:64 | Starting locations extraction...
2026-05-08 01:04:40 | INFO     | SapoExtractor | extract_json_gzip:22 | Extracting: gs://minpy/shared/sapo_locations.json.gz
2026-05-08 01:04:40 | INFO     | SapoExtractor | extract_json_gzip:51 | Extracted 50 records from shared/sapo_locations.json.gz
2026-05-08 01:04:40 | INFO     | SapoExtractor | extract_locations:66 | Locations extraction complete: 50 locations
2026-05-08 01:04:40 | INFO     | SapoExtractor | extract_orders:24 | Starting Sapo orders extraction...
2026-05-08 01:04:40 | INFO     | SapoExtractor | extract_json_gzip:22 | Extracting: gs://minpy/sapo/transactions.json.gz
2026-05-08 01:04:44 | INFO     | SapoExtractor | extract_json_gzip:51 | Extracted 5000 records from sapo/transactions.json.gz
2026-05-08 01:04:44 | INFO     | SapoExtractor | extract_orders:26 | Sapo extraction complete: 5000 orders
2026-05-08 01:04:44 | INFO     | DimensionTransformer | transform_dim_customers:33 | Transforming dim_customers...
2026-05-08 01:04:45 | INFO     | DimensionTransformer | check_duplicates:72 | [dim_customers] No duplicates found on ['customer_id']
2026-05-08 01:04:45 | INFO     | DimensionTransformer | validate_date_range:116 | [dim_customers] Date range for 'created_at': 2023-12-17 19:59:26.237721 to 2025-12-15 19:59:37.375962
2026-05-08 01:04:45 | INFO     | DimensionTransformer | transform_dim_customers:70 | dim_customers: 100000 rows
2026-05-08 01:04:45 | INFO     | DimensionTransformer | transform_dim_products:86 | Transforming dim_products...
2026-05-08 01:04:45 | INFO     | DimensionTransformer | check_duplicates:72 | [dim_products] No duplicates found on ['product_id']
2026-05-08 01:04:45 | INFO     | DimensionTransformer | validate_amounts:152 | [dim_products] 'price_vnd' stats: mean=19,338,538, median=6,850,000, std=26,822,415
2026-05-08 01:04:45 | WARNING  | DimensionTransformer | validate_amounts:161 | [dim_products] Column 'price_vnd': 40 potential outliers (>3σ)
2026-05-08 01:04:45 | INFO     | DimensionTransformer | validate_amounts:152 | [dim_products] 'price_usd' stats: mean=806, median=285, std=1,118
2026-05-08 01:04:45 | WARNING  | DimensionTransformer | validate_amounts:161 | [dim_products] Column 'price_usd': 40 potential outliers (>3σ)
2026-05-08 01:04:45 | INFO     | DimensionTransformer | transform_dim_products:114 | dim_products: 1300 rows
2026-05-08 01:04:45 | INFO     | DimensionTransformer | transform_dim_locations:130 | Transforming dim_locations...
2026-05-08 01:04:45 | INFO     | DimensionTransformer | check_duplicates:72 | [dim_locations] No duplicates found on ['location_id']
2026-05-08 01:04:45 | INFO     | DimensionTransformer | transform_dim_locations:159 | dim_locations: 50 rows
2026-05-08 01:04:45 | INFO     | DimensionTransformer | transform_dim_staff:176 | Transforming dim_staff...
2026-05-08 01:04:45 | WARNING  | DimensionTransformer | transform_dim_staff:207 | No staff data available. Creating empty dim_staff.
2026-05-08 01:04:45 | INFO     | DimensionTransformer | transform_dim_date:230 | Generating dim_date from 2024-01-01 to 2027-12-31...
2026-05-08 01:04:45 | INFO     | DimensionTransformer | transform_dim_date:262 | dim_date: 1461 rows generated
2026-05-08 01:04:45 | INFO     | PipelineOrchestrator | _load_tables:390 | Loading Dimensions to BigQuery...
2026-05-08 01:04:45 | INFO     | BigQueryLoader | load_dataframe:74 | Loading 100000 rows into minpyws.techstore_analytics.dim_customers (disposition: WRITE_TRUNCATE)...
2026-05-08 01:04:45 | INFO     | BigQueryLoader | load_dataframe:91 |   Partitioning on: created_at
2026-05-08 01:05:04 | INFO     | BigQueryLoader | load_dataframe:107 | Successfully loaded 100000 rows into minpyws.techstore_analytics.dim_customers
2026-05-08 01:05:04 | INFO     | BigQueryLoader | load_dataframe:74 | Loading 1300 rows into minpyws.techstore_analytics.dim_products (disposition: WRITE_TRUNCATE)...
2026-05-08 01:05:10 | INFO     | BigQueryLoader | load_dataframe:107 | Successfully loaded 1300 rows into minpyws.techstore_analytics.dim_products
2026-05-08 01:05:10 | INFO     | BigQueryLoader | load_dataframe:74 | Loading 50 rows into minpyws.techstore_analytics.dim_locations (disposition: WRITE_TRUNCATE)...
2026-05-08 01:05:15 | INFO     | BigQueryLoader | load_dataframe:107 | Successfully loaded 50 rows into minpyws.techstore_analytics.dim_locations
2026-05-08 01:05:15 | WARNING  | PipelineOrchestrator | _load_tables:403 | Skipping empty table: dim_staff
2026-05-08 01:05:15 | INFO     | BigQueryLoader | load_dataframe:74 | Loading 1461 rows into minpyws.techstore_analytics.dim_date (disposition: WRITE_TRUNCATE)...
2026-05-08 01:06:18 | INFO     | BigQueryLoader | load_dataframe:107 | Successfully loaded 1461 rows into minpyws.techstore_analytics.dim_date
2026-05-08 01:06:18 | INFO     | PipelineOrchestrator | run_full_pipeline:152 | Phase A complete. [RAM: 196 MB]
2026-05-08 01:06:18 | INFO     | PipelineOrchestrator | run_full_pipeline:158 |   Freed dimension DataFrames [RAM: 194 MB]
2026-05-08 01:06:18 | INFO     | PipelineOrchestrator | run_full_pipeline:163 | ────────────────────────────────────────
2026-05-08 01:06:18 | INFO     | PipelineOrchestrator | run_full_pipeline:164 | PHASE B: ORDER FACTS [RAM: 194 MB]
2026-05-08 01:06:18 | INFO     | ShopifyExtractor | extract_orders:23 | Starting Shopify orders extraction...
2026-05-08 01:06:18 | INFO     | ShopifyExtractor | extract_json_gzip_batches:119 | Extracting batch 1/5: shopify/orders_batch_0.json.gz
2026-05-08 01:06:18 | INFO     | ShopifyExtractor | extract_json_gzip:22 | Extracting: gs://minpy/shopify/orders_batch_0.json.gz
2026-05-08 01:06:31 | INFO     | ShopifyExtractor | extract_json_gzip:51 | Extracted 100000 records from shopify/orders_batch_0.json.gz
2026-05-08 01:06:31 | INFO     | ShopifyExtractor | extract_json_gzip_batches:119 | Extracting batch 2/5: shopify/orders_batch_1.json.gz
2026-05-08 01:06:31 | INFO     | ShopifyExtractor | extract_json_gzip:22 | Extracting: gs://minpy/shopify/orders_batch_1.json.gz
2026-05-08 01:06:40 | INFO     | ShopifyExtractor | extract_json_gzip:51 | Extracted 100000 records from shopify/orders_batch_1.json.gz
2026-05-08 01:06:40 | INFO     | ShopifyExtractor | extract_json_gzip_batches:119 | Extracting batch 3/5: shopify/orders_batch_2.json.gz
2026-05-08 01:06:40 | INFO     | ShopifyExtractor | extract_json_gzip:22 | Extracting: gs://minpy/shopify/orders_batch_2.json.gz
2026-05-08 01:06:50 | INFO     | ShopifyExtractor | extract_json_gzip:51 | Extracted 100000 records from shopify/orders_batch_2.json.gz
2026-05-08 01:06:50 | INFO     | ShopifyExtractor | extract_json_gzip_batches:119 | Extracting batch 4/5: shopify/orders_batch_3.json.gz
2026-05-08 01:06:50 | INFO     | ShopifyExtractor | extract_json_gzip:22 | Extracting: gs://minpy/shopify/orders_batch_3.json.gz
2026-05-08 01:06:59 | INFO     | ShopifyExtractor | extract_json_gzip:51 | Extracted 100000 records from shopify/orders_batch_3.json.gz
2026-05-08 01:06:59 | INFO     | ShopifyExtractor | extract_json_gzip_batches:119 | Extracting batch 5/5: shopify/orders_batch_4.json.gz
2026-05-08 01:06:59 | INFO     | ShopifyExtractor | extract_json_gzip:22 | Extracting: gs://minpy/shopify/orders_batch_4.json.gz
2026-05-08 01:07:09 | INFO     | ShopifyExtractor | extract_json_gzip:51 | Extracted 100000 records from shopify/orders_batch_4.json.gz
2026-05-08 01:07:09 | INFO     | ShopifyExtractor | extract_json_gzip_batches:125 | Total records from 5 batches: 500000
2026-05-08 01:07:09 | INFO     | ShopifyExtractor | extract_orders:29 | Shopify extraction complete: 500000 total orders
2026-05-08 01:07:09 | INFO     | SapoExtractor | extract_online_orders:76 | Starting online orders extraction...
2026-05-08 01:07:09 | INFO     | SapoExtractor | extract_json_gzip:22 | Extracting: gs://minpy/online_orders/online_orders.json.gz
2026-05-08 01:07:43 | INFO     | SapoExtractor | extract_json_gzip:51 | Extracted 200000 records from online_orders/online_orders.json.gz
2026-05-08 01:07:43 | INFO     | SapoExtractor | extract_online_orders:78 | Online orders extraction complete: 200000 orders
2026-05-08 01:07:43 | INFO     | FactTransformer | transform_fact_orders:40 | Transforming fact_orders...
2026-05-08 01:07:43 | INFO     | FactTransformer | transform_fact_orders:45 | Processing 500000 Shopify orders...
2026-05-08 01:08:11 | INFO     | FactTransformer | transform_fact_orders:80 | Processing 5000 Sapo orders...
2026-05-08 01:08:11 | INFO     | FactTransformer | transform_fact_orders:117 | Processing 200000 online orders...
2026-05-08 01:08:23 | INFO     | FactTransformer | transform_fact_orders:160 | Combining orders from all channels...
2026-05-08 01:08:54 | WARNING  | FactTransformer | check_nulls:42 | [fact_orders] Column 'customer_id' has 5000 null values (0.71%)
2026-05-08 01:08:54 | WARNING  | FactTransformer | check_duplicates:66 | [fact_orders] Found 444 duplicate records on ['order_key']. Removing...
2026-05-08 01:08:55 | INFO     | FactTransformer | validate_date_range:116 | [fact_orders] Date range for 'order_date': 2025-01-06 15:48:54.567378 to 2026-01-06 15:49:57.642486
2026-05-08 01:08:55 | INFO     | FactTransformer | validate_amounts:152 | [fact_orders] 'total_vnd' stats: mean=113,237,014, median=78,320,000, std=113,439,581
2026-05-08 01:08:55 | WARNING  | FactTransformer | validate_amounts:161 | [fact_orders] Column 'total_vnd': 11714 potential outliers (>3σ)
2026-05-08 01:08:55 | INFO     | FactTransformer | transform_fact_orders:214 | fact_orders: 704556 rows
2026-05-08 01:08:57 | INFO     | FactTransformer | transform_fact_order_items:238 | Transforming fact_order_items...
2026-05-08 01:08:57 | INFO     | FactTransformer | transform_fact_order_items:251 | Extracting line items from shopify (500000 orders)...
2026-05-08 01:09:34 | INFO     | FactTransformer | transform_fact_order_items:251 | Extracting line items from sapo_pos (5000 orders)...
2026-05-08 01:09:34 | INFO     | FactTransformer | transform_fact_order_items:251 | Extracting line items from online (200000 orders)...
2026-05-08 01:11:47 | INFO     | FactTransformer | validate_amounts:152 | [fact_order_items] 'unit_price_vnd' stats: mean=17,645,212, median=6,000,000, std=23,781,511
2026-05-08 01:11:47 | WARNING  | FactTransformer | validate_amounts:161 | [fact_order_items] Column 'unit_price_vnd': 55802 potential outliers (>3σ)
2026-05-08 01:11:47 | INFO     | FactTransformer | validate_amounts:152 | [fact_order_items] 'line_total_vnd' stats: mean=34,568,156, median=11,400,000, std=52,395,355
2026-05-08 01:11:47 | WARNING  | FactTransformer | validate_amounts:161 | [fact_order_items] Column 'line_total_vnd': 48610 potential outliers (>3σ)
2026-05-08 01:11:47 | INFO     | FactTransformer | transform_fact_order_items:323 | fact_order_items: 2099029 rows
2026-05-08 01:12:15 | INFO     | PipelineOrchestrator | _load_tables:390 | Loading Order facts to BigQuery...
2026-05-08 01:12:15 | INFO     | BigQueryLoader | load_dataframe:74 | Loading 704556 rows into minpyws.techstore_analytics.fact_orders (disposition: WRITE_TRUNCATE)...
2026-05-08 01:12:15 | INFO     | BigQueryLoader | load_dataframe:91 |   Partitioning on: order_date
2026-05-08 01:12:15 | INFO     | BigQueryLoader | load_dataframe:98 |   Clustering on: ['customer_id', 'channel']
2026-05-08 01:12:49 | INFO     | BigQueryLoader | load_dataframe:107 | Successfully loaded 704556 rows into minpyws.techstore_analytics.fact_orders
2026-05-08 01:12:49 | INFO     | BigQueryLoader | load_dataframe:74 | Loading 2099029 rows into minpyws.techstore_analytics.fact_order_items (disposition: WRITE_TRUNCATE)...
2026-05-08 01:12:49 | INFO     | BigQueryLoader | load_dataframe:91 |   Partitioning on: order_date
2026-05-08 01:12:49 | INFO     | BigQueryLoader | load_dataframe:98 |   Clustering on: ['product_id']
2026-05-08 01:13:19 | INFO     | BigQueryLoader | load_dataframe:107 | Successfully loaded 2099029 rows into minpyws.techstore_analytics.fact_order_items
2026-05-08 01:13:19 | INFO     | PipelineOrchestrator | run_full_pipeline:193 | Phase B complete. [RAM: 902 MB]
2026-05-08 01:13:19 | INFO     | PipelineOrchestrator | run_full_pipeline:198 |   Freed fact_order_items [RAM: 572 MB]
2026-05-08 01:13:19 | INFO     | PipelineOrchestrator | run_full_pipeline:203 | ────────────────────────────────────────
2026-05-08 01:13:19 | INFO     | PipelineOrchestrator | run_full_pipeline:204 | PHASE C: PAYMENT FACTS [RAM: 572 MB]
2026-05-08 01:13:19 | INFO     | PaymentExtractor | extract_paypal:23 | Starting PayPal extraction...
2026-05-08 01:13:19 | INFO     | PaymentExtractor | extract_json_gzip:22 | Extracting: gs://minpy/paypal/transactions.json.gz
2026-05-08 01:13:25 | INFO     | PaymentExtractor | extract_json_gzip:51 | Extracted 11000 records from paypal/transactions.json.gz
2026-05-08 01:13:25 | INFO     | PaymentExtractor | extract_paypal:25 | PayPal extraction complete: 11000 transactions
2026-05-08 01:13:25 | INFO     | PaymentExtractor | extract_momo:35 | Starting MoMo extraction...
2026-05-08 01:13:25 | INFO     | PaymentExtractor | extract_json_gzip:22 | Extracting: gs://minpy/momo/transactions.json.gz
2026-05-08 01:13:30 | INFO     | PaymentExtractor | extract_json_gzip:51 | Extracted 40000 records from momo/transactions.json.gz
2026-05-08 01:13:30 | INFO     | PaymentExtractor | extract_momo:37 | MoMo extraction complete: 40000 transactions
2026-05-08 01:13:30 | INFO     | PaymentExtractor | extract_zalopay:47 | Starting ZaloPay extraction...
2026-05-08 01:13:30 | INFO     | PaymentExtractor | extract_json_gzip:22 | Extracting: gs://minpy/zalopay/transactions.json.gz
2026-05-08 01:13:36 | INFO     | PaymentExtractor | extract_json_gzip:51 | Extracted 55000 records from zalopay/transactions.json.gz
2026-05-08 01:13:36 | INFO     | PaymentExtractor | extract_zalopay:49 | ZaloPay extraction complete: 55000 transactions
2026-05-08 01:13:36 | INFO     | FactTransformer | transform_fact_payments:347 | Transforming fact_payments...
2026-05-08 01:13:36 | INFO     | FactTransformer | transform_fact_payments:352 | Processing 11000 PayPal transactions...
2026-05-08 01:13:37 | INFO     | FactTransformer | transform_fact_payments:370 | Processing 40000 MoMo transactions...
2026-05-08 01:13:37 | INFO     | FactTransformer | transform_fact_payments:389 | Processing 55000 ZaloPay transactions...
2026-05-08 01:13:41 | INFO     | FactTransformer | check_duplicates:72 | [fact_payments] No duplicates found on ['payment_key']
2026-05-08 01:13:41 | INFO     | FactTransformer | validate_date_range:116 | [fact_payments] Date range for 'payment_date': 2025-10-07 16:08:22.703760 to 2026-01-06 16:04:09.797116
2026-05-08 01:13:41 | INFO     | FactTransformer | validate_amounts:152 | [fact_payments] 'amount_vnd' stats: mean=4,210,667, median=845,000, std=8,481,488
2026-05-08 01:13:41 | WARNING  | FactTransformer | validate_amounts:161 | [fact_payments] Column 'amount_vnd': 4216 potential outliers (>3σ)
2026-05-08 01:13:41 | INFO     | FactTransformer | transform_fact_payments:443 | fact_payments: 106000 rows
2026-05-08 01:13:42 | INFO     | PipelineOrchestrator | _load_tables:390 | Loading Payment facts to BigQuery...
2026-05-08 01:13:42 | INFO     | BigQueryLoader | load_dataframe:74 | Loading 106000 rows into minpyws.techstore_analytics.fact_payments (disposition: WRITE_TRUNCATE)...
2026-05-08 01:13:42 | INFO     | BigQueryLoader | load_dataframe:91 |   Partitioning on: payment_date
2026-05-08 01:13:42 | INFO     | BigQueryLoader | load_dataframe:98 |   Clustering on: ['customer_id', 'payment_gateway']
2026-05-08 01:13:52 | INFO     | BigQueryLoader | load_dataframe:107 | Successfully loaded 106000 rows into minpyws.techstore_analytics.fact_payments
2026-05-08 01:13:52 | INFO     | PipelineOrchestrator | run_full_pipeline:223 | Phase C complete. [RAM: 593 MB]
2026-05-08 01:13:52 | INFO     | PipelineOrchestrator | run_full_pipeline:232 | ────────────────────────────────────────
2026-05-08 01:13:52 | INFO     | PipelineOrchestrator | run_full_pipeline:233 | PHASE D: CART EVENTS (large file — chunked mode) [RAM: 582 MB]
2026-05-08 01:13:52 | INFO     | FactTransformer | transform_fact_cart_events_chunked:532 | Transforming fact_cart_events (chunked mode)...
2026-05-08 01:13:52 | INFO     | TrackingExtractor | extract_cart_events_chunked:44 | Starting chunked cart events extraction (large file)...
2026-05-08 01:13:52 | INFO     | TrackingExtractor | extract_json_gzip_chunked:67 | Extracting (chunked): gs://minpy/cart_tracking/cart_events.json.gz
2026-05-08 01:14:27 | INFO     | TrackingExtractor | extract_json_gzip_chunked:90 |   Yielding chunk: 50000 records (total so far: 50000)
2026-05-08 01:14:27 | INFO     | FactTransformer | transform_fact_cart_events_chunked:541 |   Processing chunk 1: 50000 records (total input: 50000)
2026-05-08 01:14:31 | INFO     | TrackingExtractor | extract_json_gzip_chunked:90 |   Yielding chunk: 50000 records (total so far: 100000)
2026-05-08 01:14:31 | INFO     | FactTransformer | transform_fact_cart_events_chunked:541 |   Processing chunk 2: 50000 records (total input: 100000)
2026-05-08 01:14:35 | INFO     | TrackingExtractor | extract_json_gzip_chunked:90 |   Yielding chunk: 50000 records (total so far: 150000)
2026-05-08 01:14:35 | INFO     | FactTransformer | transform_fact_cart_events_chunked:541 |   Processing chunk 3: 50000 records (total input: 150000)
2026-05-08 01:14:39 | INFO     | TrackingExtractor | extract_json_gzip_chunked:90 |   Yielding chunk: 50000 records (total so far: 200000)
2026-05-08 01:14:39 | INFO     | FactTransformer | transform_fact_cart_events_chunked:541 |   Processing chunk 4: 50000 records (total input: 200000)
2026-05-08 01:14:43 | INFO     | TrackingExtractor | extract_json_gzip_chunked:90 |   Yielding chunk: 50000 records (total so far: 250000)
2026-05-08 01:14:43 | INFO     | FactTransformer | transform_fact_cart_events_chunked:541 |   Processing chunk 5: 50000 records (total input: 250000)
2026-05-08 01:14:47 | INFO     | TrackingExtractor | extract_json_gzip_chunked:90 |   Yielding chunk: 50000 records (total so far: 300000)
2026-05-08 01:14:47 | INFO     | FactTransformer | transform_fact_cart_events_chunked:541 |   Processing chunk 6: 50000 records (total input: 300000)
2026-05-08 01:14:52 | INFO     | TrackingExtractor | extract_json_gzip_chunked:90 |   Yielding chunk: 50000 records (total so far: 350000)
2026-05-08 01:14:52 | INFO     | FactTransformer | transform_fact_cart_events_chunked:541 |   Processing chunk 7: 50000 records (total input: 350000)
2026-05-08 01:14:56 | INFO     | TrackingExtractor | extract_json_gzip_chunked:90 |   Yielding chunk: 50000 records (total so far: 400000)
2026-05-08 01:14:56 | INFO     | FactTransformer | transform_fact_cart_events_chunked:541 |   Processing chunk 8: 50000 records (total input: 400000)
2026-05-08 01:15:00 | INFO     | TrackingExtractor | extract_json_gzip_chunked:90 |   Yielding chunk: 50000 records (total so far: 450000)
2026-05-08 01:15:00 | INFO     | FactTransformer | transform_fact_cart_events_chunked:541 |   Processing chunk 9: 50000 records (total input: 450000)
2026-05-08 01:15:03 | INFO     | TrackingExtractor | extract_json_gzip_chunked:90 |   Yielding chunk: 50000 records (total so far: 500000)
2026-05-08 01:15:03 | INFO     | FactTransformer | transform_fact_cart_events_chunked:541 |   Processing chunk 10: 50000 records (total input: 500000)
2026-05-08 01:15:07 | INFO     | TrackingExtractor | extract_json_gzip_chunked:90 |   Yielding chunk: 50000 records (total so far: 550000)
2026-05-08 01:15:07 | INFO     | FactTransformer | transform_fact_cart_events_chunked:541 |   Processing chunk 11: 50000 records (total input: 550000)
2026-05-08 01:15:11 | INFO     | TrackingExtractor | extract_json_gzip_chunked:90 |   Yielding chunk: 50000 records (total so far: 600000)
2026-05-08 01:15:11 | INFO     | FactTransformer | transform_fact_cart_events_chunked:541 |   Processing chunk 12: 50000 records (total input: 600000)
2026-05-08 01:15:15 | INFO     | TrackingExtractor | extract_json_gzip_chunked:90 |   Yielding chunk: 50000 records (total so far: 650000)
2026-05-08 01:15:15 | INFO     | FactTransformer | transform_fact_cart_events_chunked:541 |   Processing chunk 13: 50000 records (total input: 650000)
2026-05-08 01:15:19 | INFO     | TrackingExtractor | extract_json_gzip_chunked:90 |   Yielding chunk: 50000 records (total so far: 700000)
2026-05-08 01:15:19 | INFO     | FactTransformer | transform_fact_cart_events_chunked:541 |   Processing chunk 14: 50000 records (total input: 700000)
2026-05-08 01:15:23 | INFO     | TrackingExtractor | extract_json_gzip_chunked:90 |   Yielding chunk: 50000 records (total so far: 750000)
2026-05-08 01:15:23 | INFO     | FactTransformer | transform_fact_cart_events_chunked:541 |   Processing chunk 15: 50000 records (total input: 750000)
2026-05-08 01:15:27 | INFO     | TrackingExtractor | extract_json_gzip_chunked:90 |   Yielding chunk: 50000 records (total so far: 800000)
2026-05-08 01:15:27 | INFO     | FactTransformer | transform_fact_cart_events_chunked:541 |   Processing chunk 16: 50000 records (total input: 800000)
2026-05-08 01:15:31 | INFO     | TrackingExtractor | extract_json_gzip_chunked:90 |   Yielding chunk: 50000 records (total so far: 850000)
2026-05-08 01:15:31 | INFO     | FactTransformer | transform_fact_cart_events_chunked:541 |   Processing chunk 17: 50000 records (total input: 850000)
2026-05-08 01:15:35 | INFO     | TrackingExtractor | extract_json_gzip_chunked:90 |   Yielding chunk: 50000 records (total so far: 900000)
2026-05-08 01:15:35 | INFO     | FactTransformer | transform_fact_cart_events_chunked:541 |   Processing chunk 18: 50000 records (total input: 900000)
2026-05-08 01:15:39 | INFO     | TrackingExtractor | extract_json_gzip_chunked:90 |   Yielding chunk: 50000 records (total so far: 950000)
2026-05-08 01:15:39 | INFO     | FactTransformer | transform_fact_cart_events_chunked:541 |   Processing chunk 19: 50000 records (total input: 950000)
2026-05-08 01:15:42 | INFO     | TrackingExtractor | extract_json_gzip_chunked:90 |   Yielding chunk: 50000 records (total so far: 1000000)
2026-05-08 01:15:42 | INFO     | FactTransformer | transform_fact_cart_events_chunked:541 |   Processing chunk 20: 50000 records (total input: 1000000)
2026-05-08 01:15:46 | INFO     | TrackingExtractor | extract_json_gzip_chunked:90 |   Yielding chunk: 50000 records (total so far: 1050000)
2026-05-08 01:15:46 | INFO     | FactTransformer | transform_fact_cart_events_chunked:541 |   Processing chunk 21: 50000 records (total input: 1050000)
2026-05-08 01:15:50 | INFO     | TrackingExtractor | extract_json_gzip_chunked:90 |   Yielding chunk: 50000 records (total so far: 1100000)
2026-05-08 01:15:50 | INFO     | FactTransformer | transform_fact_cart_events_chunked:541 |   Processing chunk 22: 50000 records (total input: 1100000)
2026-05-08 01:15:54 | INFO     | TrackingExtractor | extract_json_gzip_chunked:90 |   Yielding chunk: 50000 records (total so far: 1150000)
2026-05-08 01:15:54 | INFO     | FactTransformer | transform_fact_cart_events_chunked:541 |   Processing chunk 23: 50000 records (total input: 1150000)
2026-05-08 01:15:58 | INFO     | TrackingExtractor | extract_json_gzip_chunked:90 |   Yielding chunk: 50000 records (total so far: 1200000)
2026-05-08 01:15:58 | INFO     | FactTransformer | transform_fact_cart_events_chunked:541 |   Processing chunk 24: 50000 records (total input: 1200000)
2026-05-08 01:16:02 | INFO     | TrackingExtractor | extract_json_gzip_chunked:90 |   Yielding chunk: 50000 records (total so far: 1250000)
2026-05-08 01:16:02 | INFO     | FactTransformer | transform_fact_cart_events_chunked:541 |   Processing chunk 25: 50000 records (total input: 1250000)
2026-05-08 01:16:06 | INFO     | TrackingExtractor | extract_json_gzip_chunked:90 |   Yielding chunk: 50000 records (total so far: 1300000)
2026-05-08 01:16:06 | INFO     | FactTransformer | transform_fact_cart_events_chunked:541 |   Processing chunk 26: 50000 records (total input: 1300000)
2026-05-08 01:16:09 | INFO     | TrackingExtractor | extract_json_gzip_chunked:90 |   Yielding chunk: 50000 records (total so far: 1350000)
2026-05-08 01:16:09 | INFO     | FactTransformer | transform_fact_cart_events_chunked:541 |   Processing chunk 27: 50000 records (total input: 1350000)
2026-05-08 01:16:13 | INFO     | TrackingExtractor | extract_json_gzip_chunked:90 |   Yielding chunk: 50000 records (total so far: 1400000)
2026-05-08 01:16:13 | INFO     | FactTransformer | transform_fact_cart_events_chunked:541 |   Processing chunk 28: 50000 records (total input: 1400000)
2026-05-08 01:16:17 | INFO     | TrackingExtractor | extract_json_gzip_chunked:90 |   Yielding chunk: 50000 records (total so far: 1450000)
2026-05-08 01:16:17 | INFO     | FactTransformer | transform_fact_cart_events_chunked:541 |   Processing chunk 29: 50000 records (total input: 1450000)
2026-05-08 01:16:21 | INFO     | TrackingExtractor | extract_json_gzip_chunked:90 |   Yielding chunk: 50000 records (total so far: 1500000)
2026-05-08 01:16:21 | INFO     | FactTransformer | transform_fact_cart_events_chunked:541 |   Processing chunk 30: 50000 records (total input: 1500000)
2026-05-08 01:16:25 | INFO     | TrackingExtractor | extract_json_gzip_chunked:90 |   Yielding chunk: 50000 records (total so far: 1550000)
2026-05-08 01:16:25 | INFO     | FactTransformer | transform_fact_cart_events_chunked:541 |   Processing chunk 31: 50000 records (total input: 1550000)
2026-05-08 01:16:29 | INFO     | TrackingExtractor | extract_json_gzip_chunked:90 |   Yielding chunk: 50000 records (total so far: 1600000)
2026-05-08 01:16:29 | INFO     | FactTransformer | transform_fact_cart_events_chunked:541 |   Processing chunk 32: 50000 records (total input: 1600000)
2026-05-08 01:16:33 | INFO     | TrackingExtractor | extract_json_gzip_chunked:90 |   Yielding chunk: 50000 records (total so far: 1650000)
2026-05-08 01:16:33 | INFO     | FactTransformer | transform_fact_cart_events_chunked:541 |   Processing chunk 33: 50000 records (total input: 1650000)
2026-05-08 01:16:36 | INFO     | TrackingExtractor | extract_json_gzip_chunked:90 |   Yielding chunk: 50000 records (total so far: 1700000)
2026-05-08 01:16:36 | INFO     | FactTransformer | transform_fact_cart_events_chunked:541 |   Processing chunk 34: 50000 records (total input: 1700000)
2026-05-08 01:16:40 | INFO     | TrackingExtractor | extract_json_gzip_chunked:90 |   Yielding chunk: 50000 records (total so far: 1750000)
2026-05-08 01:16:40 | INFO     | FactTransformer | transform_fact_cart_events_chunked:541 |   Processing chunk 35: 50000 records (total input: 1750000)
2026-05-08 01:16:44 | INFO     | TrackingExtractor | extract_json_gzip_chunked:90 |   Yielding chunk: 50000 records (total so far: 1800000)
2026-05-08 01:16:44 | INFO     | FactTransformer | transform_fact_cart_events_chunked:541 |   Processing chunk 36: 50000 records (total input: 1800000)
2026-05-08 01:16:48 | INFO     | TrackingExtractor | extract_json_gzip_chunked:90 |   Yielding chunk: 50000 records (total so far: 1850000)
2026-05-08 01:16:48 | INFO     | FactTransformer | transform_fact_cart_events_chunked:541 |   Processing chunk 37: 50000 records (total input: 1850000)
2026-05-08 01:16:52 | INFO     | TrackingExtractor | extract_json_gzip_chunked:90 |   Yielding chunk: 50000 records (total so far: 1900000)
2026-05-08 01:16:52 | INFO     | FactTransformer | transform_fact_cart_events_chunked:541 |   Processing chunk 38: 50000 records (total input: 1900000)
2026-05-08 01:16:56 | INFO     | TrackingExtractor | extract_json_gzip_chunked:90 |   Yielding chunk: 50000 records (total so far: 1950000)
2026-05-08 01:16:56 | INFO     | FactTransformer | transform_fact_cart_events_chunked:541 |   Processing chunk 39: 50000 records (total input: 1950000)
2026-05-08 01:16:59 | INFO     | TrackingExtractor | extract_json_gzip_chunked:90 |   Yielding chunk: 50000 records (total so far: 2000000)
2026-05-08 01:16:59 | INFO     | FactTransformer | transform_fact_cart_events_chunked:541 |   Processing chunk 40: 50000 records (total input: 2000000)
2026-05-08 01:17:03 | INFO     | TrackingExtractor | extract_json_gzip_chunked:90 |   Yielding chunk: 50000 records (total so far: 2050000)
2026-05-08 01:17:03 | INFO     | FactTransformer | transform_fact_cart_events_chunked:541 |   Processing chunk 41: 50000 records (total input: 2050000)
2026-05-08 01:17:07 | INFO     | TrackingExtractor | extract_json_gzip_chunked:90 |   Yielding chunk: 50000 records (total so far: 2100000)
2026-05-08 01:17:07 | INFO     | FactTransformer | transform_fact_cart_events_chunked:541 |   Processing chunk 42: 50000 records (total input: 2100000)
2026-05-08 01:17:12 | INFO     | TrackingExtractor | extract_json_gzip_chunked:90 |   Yielding chunk: 50000 records (total so far: 2150000)
2026-05-08 01:17:12 | INFO     | FactTransformer | transform_fact_cart_events_chunked:541 |   Processing chunk 43: 50000 records (total input: 2150000)
2026-05-08 01:17:16 | INFO     | TrackingExtractor | extract_json_gzip_chunked:90 |   Yielding chunk: 50000 records (total so far: 2200000)
2026-05-08 01:17:16 | INFO     | FactTransformer | transform_fact_cart_events_chunked:541 |   Processing chunk 44: 50000 records (total input: 2200000)
2026-05-08 01:17:20 | INFO     | TrackingExtractor | extract_json_gzip_chunked:90 |   Yielding chunk: 50000 records (total so far: 2250000)
2026-05-08 01:17:20 | INFO     | FactTransformer | transform_fact_cart_events_chunked:541 |   Processing chunk 45: 50000 records (total input: 2250000)
2026-05-08 01:17:24 | INFO     | TrackingExtractor | extract_json_gzip_chunked:90 |   Yielding chunk: 50000 records (total so far: 2300000)
2026-05-08 01:17:24 | INFO     | FactTransformer | transform_fact_cart_events_chunked:541 |   Processing chunk 46: 50000 records (total input: 2300000)
2026-05-08 01:17:29 | INFO     | TrackingExtractor | extract_json_gzip_chunked:90 |   Yielding chunk: 50000 records (total so far: 2350000)
2026-05-08 01:17:29 | INFO     | FactTransformer | transform_fact_cart_events_chunked:541 |   Processing chunk 47: 50000 records (total input: 2350000)
2026-05-08 01:17:33 | INFO     | TrackingExtractor | extract_json_gzip_chunked:90 |   Yielding chunk: 50000 records (total so far: 2400000)
2026-05-08 01:17:33 | INFO     | FactTransformer | transform_fact_cart_events_chunked:541 |   Processing chunk 48: 50000 records (total input: 2400000)
2026-05-08 01:17:37 | INFO     | TrackingExtractor | extract_json_gzip_chunked:90 |   Yielding chunk: 50000 records (total so far: 2450000)
2026-05-08 01:17:37 | INFO     | FactTransformer | transform_fact_cart_events_chunked:541 |   Processing chunk 49: 50000 records (total input: 2450000)
2026-05-08 01:17:41 | INFO     | TrackingExtractor | extract_json_gzip_chunked:90 |   Yielding chunk: 50000 records (total so far: 2500000)
2026-05-08 01:17:41 | INFO     | FactTransformer | transform_fact_cart_events_chunked:541 |   Processing chunk 50: 50000 records (total input: 2500000)
2026-05-08 01:17:44 | INFO     | TrackingExtractor | extract_json_gzip_chunked:90 |   Yielding chunk: 50000 records (total so far: 2550000)
2026-05-08 01:17:44 | INFO     | FactTransformer | transform_fact_cart_events_chunked:541 |   Processing chunk 51: 50000 records (total input: 2550000)
2026-05-08 01:17:48 | INFO     | TrackingExtractor | extract_json_gzip_chunked:90 |   Yielding chunk: 50000 records (total so far: 2600000)
2026-05-08 01:17:48 | INFO     | FactTransformer | transform_fact_cart_events_chunked:541 |   Processing chunk 52: 50000 records (total input: 2600000)
2026-05-08 01:17:52 | INFO     | TrackingExtractor | extract_json_gzip_chunked:90 |   Yielding chunk: 50000 records (total so far: 2650000)
2026-05-08 01:17:52 | INFO     | FactTransformer | transform_fact_cart_events_chunked:541 |   Processing chunk 53: 50000 records (total input: 2650000)
2026-05-08 01:17:56 | INFO     | TrackingExtractor | extract_json_gzip_chunked:90 |   Yielding chunk: 50000 records (total so far: 2700000)
2026-05-08 01:17:56 | INFO     | FactTransformer | transform_fact_cart_events_chunked:541 |   Processing chunk 54: 50000 records (total input: 2700000)
2026-05-08 01:18:00 | INFO     | TrackingExtractor | extract_json_gzip_chunked:90 |   Yielding chunk: 50000 records (total so far: 2750000)
2026-05-08 01:18:00 | INFO     | FactTransformer | transform_fact_cart_events_chunked:541 |   Processing chunk 55: 50000 records (total input: 2750000)
2026-05-08 01:18:03 | INFO     | TrackingExtractor | extract_json_gzip_chunked:90 |   Yielding chunk: 50000 records (total so far: 2800000)
2026-05-08 01:18:03 | INFO     | FactTransformer | transform_fact_cart_events_chunked:541 |   Processing chunk 56: 50000 records (total input: 2800000)
2026-05-08 01:18:07 | INFO     | TrackingExtractor | extract_json_gzip_chunked:90 |   Yielding chunk: 50000 records (total so far: 2850000)
2026-05-08 01:18:07 | INFO     | FactTransformer | transform_fact_cart_events_chunked:541 |   Processing chunk 57: 50000 records (total input: 2850000)
2026-05-08 01:18:11 | INFO     | TrackingExtractor | extract_json_gzip_chunked:90 |   Yielding chunk: 50000 records (total so far: 2900000)
2026-05-08 01:18:11 | INFO     | FactTransformer | transform_fact_cart_events_chunked:541 |   Processing chunk 58: 50000 records (total input: 2900000)
2026-05-08 01:18:15 | INFO     | TrackingExtractor | extract_json_gzip_chunked:90 |   Yielding chunk: 50000 records (total so far: 2950000)
2026-05-08 01:18:15 | INFO     | FactTransformer | transform_fact_cart_events_chunked:541 |   Processing chunk 59: 50000 records (total input: 2950000)
2026-05-08 01:18:19 | INFO     | TrackingExtractor | extract_json_gzip_chunked:90 |   Yielding chunk: 50000 records (total so far: 3000000)
2026-05-08 01:18:19 | INFO     | FactTransformer | transform_fact_cart_events_chunked:541 |   Processing chunk 60: 50000 records (total input: 3000000)
2026-05-08 01:18:22 | INFO     | FactTransformer | transform_fact_cart_events_chunked:541 |   Processing chunk 61: 10000 records (total input: 3010000)
2026-05-08 01:18:23 | INFO     | TrackingExtractor | extract_json_gzip_chunked:102 | Chunked extraction complete: 3010000 total records from cart_tracking/cart_events.json.gz
2026-05-08 01:18:23 | INFO     | TrackingExtractor | extract_cart_events_chunked:49 | Chunked cart events extraction complete.
2026-05-08 01:18:24 | INFO     | FactTransformer | check_duplicates:72 | [fact_cart_events] No duplicates found on ['event_key']
2026-05-08 01:18:24 | INFO     | FactTransformer | validate_date_range:116 | [fact_cart_events] Date range for 'event_timestamp': 2025-08-25 23:04:11.545981 to 2025-12-16 17:56:26.615561
2026-05-08 01:18:24 | INFO     | FactTransformer | transform_fact_cart_events_chunked:605 | fact_cart_events (chunked): 3010000 rows
2026-05-08 01:18:24 | INFO     | PipelineOrchestrator | _load_tables:390 | Loading Cart event facts to BigQuery...
2026-05-08 01:18:24 | INFO     | BigQueryLoader | load_dataframe:74 | Loading 3010000 rows into minpyws.techstore_analytics.fact_cart_events (disposition: WRITE_TRUNCATE)...
2026-05-08 01:18:24 | INFO     | BigQueryLoader | load_dataframe:91 |   Partitioning on: event_timestamp
2026-05-08 01:18:24 | INFO     | BigQueryLoader | load_dataframe:98 |   Clustering on: ['customer_id', 'session_id', 'event_type']
2026-05-08 01:19:21 | INFO     | BigQueryLoader | load_dataframe:107 | Successfully loaded 3010000 rows into minpyws.techstore_analytics.fact_cart_events
2026-05-08 01:19:21 | INFO     | PipelineOrchestrator | run_full_pipeline:253 | Phase D complete. [RAM: 1292 MB]
2026-05-08 01:19:21 | INFO     | PipelineOrchestrator | run_full_pipeline:258 | ────────────────────────────────────────
2026-05-08 01:19:21 | INFO     | PipelineOrchestrator | run_full_pipeline:259 | PHASE E: BANK TRANSACTIONS [RAM: 1292 MB]
2026-05-08 01:19:21 | INFO     | PaymentExtractor | extract_mercury_transactions:71 | Starting Mercury transactions extraction...
2026-05-08 01:19:21 | INFO     | PaymentExtractor | extract_json_gzip:22 | Extracting: gs://minpy/mercury/transactions.json.gz
2026-05-08 01:19:26 | INFO     | PaymentExtractor | extract_json_gzip:51 | Extracted 5000 records from mercury/transactions.json.gz
2026-05-08 01:19:26 | INFO     | PaymentExtractor | extract_mercury_transactions:73 | Mercury transactions extraction complete: 5000 transactions
2026-05-08 01:19:26 | INFO     | PaymentExtractor | extract_mercury_accounts:59 | Starting Mercury accounts extraction...
2026-05-08 01:19:26 | INFO     | PaymentExtractor | extract_json_gzip:22 | Extracting: gs://minpy/mercury/accounts.json.gz
2026-05-08 01:19:26 | INFO     | PaymentExtractor | extract_json_gzip:51 | Extracted 3 records from mercury/accounts.json.gz
2026-05-08 01:19:26 | INFO     | PaymentExtractor | extract_mercury_accounts:61 | Mercury accounts extraction complete: 3 accounts
2026-05-08 01:19:27 | INFO     | FactTransformer | transform_fact_bank_transactions:626 | Transforming fact_bank_transactions...
2026-05-08 01:19:27 | INFO     | FactTransformer | check_duplicates:72 | [fact_bank_transactions] No duplicates found on ['transaction_key']
2026-05-08 01:19:27 | INFO     | FactTransformer | validate_date_range:116 | [fact_bank_transactions] Date range for 'transaction_date': 2025-10-08 16:05:19.307379 to 2026-01-06 16:05:19.480106
2026-05-08 01:19:27 | INFO     | FactTransformer | validate_amounts:152 | [fact_bank_transactions] 'amount_vnd' stats: mean=430,971,211, median=367,975,200, std=396,804,751
2026-05-08 01:19:27 | INFO     | FactTransformer | validate_amounts:152 | [fact_bank_transactions] 'amount_usd' stats: mean=17,957, median=15,332, std=16,534
2026-05-08 01:19:27 | INFO     | FactTransformer | transform_fact_bank_transactions:700 | fact_bank_transactions: 5000 rows
2026-05-08 01:19:27 | INFO     | PipelineOrchestrator | _load_tables:390 | Loading Bank transaction facts to BigQuery...
2026-05-08 01:19:27 | INFO     | BigQueryLoader | load_dataframe:74 | Loading 5000 rows into minpyws.techstore_analytics.fact_bank_transactions (disposition: WRITE_TRUNCATE)...
2026-05-08 01:19:27 | INFO     | BigQueryLoader | load_dataframe:91 |   Partitioning on: transaction_date
2026-05-08 01:19:42 | INFO     | BigQueryLoader | load_dataframe:107 | Successfully loaded 5000 rows into minpyws.techstore_analytics.fact_bank_transactions
2026-05-08 01:19:42 | INFO     | PipelineOrchestrator | run_full_pipeline:279 | Phase E complete. [RAM: 1292 MB]
2026-05-08 01:19:42 | INFO     | PipelineOrchestrator | run_full_pipeline:288 | ────────────────────────────────────────
2026-05-08 01:19:42 | INFO     | PipelineOrchestrator | run_full_pipeline:289 | PHASE F: AGGREGATES & VIEWS [RAM: 1291 MB]
2026-05-08 01:19:42 | INFO     | PipelineOrchestrator | _step_update_aggregates:418 | Updating customer aggregates...
2026-05-08 01:19:42 | INFO     | DimensionTransformer | update_customer_aggregates:283 | Updating customer aggregates with RFM segmentation...
2026-05-08 01:19:44 | INFO     | DimensionTransformer | _calculate_rfm_segments:379 | RFM Segment Distribution:
2026-05-08 01:19:44 | INFO     | DimensionTransformer | _calculate_rfm_segments:381 |   Champions: 5,416 customers
2026-05-08 01:19:44 | INFO     | DimensionTransformer | _calculate_rfm_segments:381 |   Lost: 3,961 customers
2026-05-08 01:19:44 | INFO     | DimensionTransformer | _calculate_rfm_segments:381 |   About To Sleep: 3,597 customers
2026-05-08 01:19:44 | INFO     | DimensionTransformer | _calculate_rfm_segments:381 |   Hibernating: 2,577 customers
2026-05-08 01:19:44 | INFO     | DimensionTransformer | _calculate_rfm_segments:381 |   Loyal: 2,410 customers
2026-05-08 01:19:44 | INFO     | DimensionTransformer | _calculate_rfm_segments:381 |   New Customer: 2,170 customers
2026-05-08 01:19:44 | INFO     | DimensionTransformer | _calculate_rfm_segments:381 |   Promising: 2,159 customers
2026-05-08 01:19:44 | INFO     | DimensionTransformer | _calculate_rfm_segments:381 |   At Risk: 2,117 customers
2026-05-08 01:19:44 | INFO     | DimensionTransformer | _calculate_rfm_segments:381 |   Potential Loyalist: 2,107 customers
2026-05-08 01:19:44 | INFO     | DimensionTransformer | _calculate_rfm_segments:381 |   Cannot Lose Them: 1,909 customers
2026-05-08 01:19:44 | INFO     | DimensionTransformer | _calculate_rfm_segments:381 |   Need Attention: 1,207 customers
2026-05-08 01:19:44 | INFO     | DimensionTransformer | update_customer_aggregates:311 | Customer aggregates and RFM segmentation updated successfully
2026-05-08 01:19:44 | INFO     | BigQueryLoader | load_dataframe:74 | Loading 100000 rows into minpyws.techstore_analytics.dim_customers (disposition: WRITE_TRUNCATE)...
2026-05-08 01:19:44 | INFO     | BigQueryLoader | load_dataframe:91 |   Partitioning on: created_at
2026-05-08 01:20:06 | INFO     | BigQueryLoader | load_dataframe:107 | Successfully loaded 100000 rows into minpyws.techstore_analytics.dim_customers
2026-05-08 01:20:06 | INFO     | PipelineOrchestrator | _step_update_aggregates:434 | Customer aggregates updated and reloaded
2026-05-08 01:20:06 | INFO     | PipelineOrchestrator | _step_create_views:440 | Creating analytical views...
2026-05-08 01:20:06 | INFO     | BigQueryLoader | create_views:170 | Creating analytical views...
2026-05-08 01:20:07 | INFO     | BigQueryLoader | create_views:181 | Created view: minpyws.techstore_analytics.vw_customer_journey
2026-05-08 01:20:08 | INFO     | BigQueryLoader | create_views:181 | Created view: minpyws.techstore_analytics.vw_cashflow_daily
2026-05-08 01:20:09 | INFO     | BigQueryLoader | create_views:181 | Created view: minpyws.techstore_analytics.vw_payment_status
2026-05-08 01:20:09 | INFO     | PipelineOrchestrator | _print_summary:446 | ============================================================
2026-05-08 01:20:09 | INFO     | PipelineOrchestrator | _print_summary:447 | PIPELINE EXECUTION SUMMARY
2026-05-08 01:20:09 | INFO     | PipelineOrchestrator | _print_summary:448 | ============================================================
2026-05-08 01:20:09 | INFO     | PipelineOrchestrator | _print_summary:449 | Total execution time: 960.6s (16.0min)
2026-05-08 01:20:09 | INFO     | PipelineOrchestrator | _print_summary:450 | 
2026-05-08 01:20:09 | INFO     | PipelineOrchestrator | _print_summary:451 | Tables loaded:
2026-05-08 01:20:09 | INFO     | PipelineOrchestrator | _print_summary:462 |   dim_customers: 100,000 rows
2026-05-08 01:20:09 | INFO     | PipelineOrchestrator | _print_summary:462 |   dim_products: 1,300 rows
2026-05-08 01:20:09 | INFO     | PipelineOrchestrator | _print_summary:462 |   dim_locations: 50 rows
2026-05-08 01:20:09 | INFO     | PipelineOrchestrator | _print_summary:462 |   dim_staff: 0 rows
2026-05-08 01:20:09 | INFO     | PipelineOrchestrator | _print_summary:462 |   dim_date: 1,461 rows
2026-05-08 01:20:09 | INFO     | PipelineOrchestrator | _print_summary:462 |   fact_orders: 704,556 rows
2026-05-08 01:20:09 | INFO     | PipelineOrchestrator | _print_summary:462 |   fact_order_items: 2,099,029 rows
2026-05-08 01:20:09 | INFO     | PipelineOrchestrator | _print_summary:462 |   fact_payments: 106,000 rows
2026-05-08 01:20:09 | INFO     | PipelineOrchestrator | _print_summary:462 |   fact_cart_events: 3,010,000 rows
2026-05-08 01:20:09 | INFO     | PipelineOrchestrator | _print_summary:462 |   fact_bank_transactions: 5,000 rows
2026-05-08 01:20:09 | INFO     | PipelineOrchestrator | _print_summary:470 | 
2026-05-08 01:20:09 | INFO     | PipelineOrchestrator | _print_summary:471 | Data Quality Issues:
2026-05-08 01:20:09 | INFO     | PipelineOrchestrator | _print_summary:473 |   ⚠ fact_orders.customer_id.nulls: 5000
2026-05-08 01:20:09 | INFO     | PipelineOrchestrator | _print_summary:473 |   ⚠ fact_orders.duplicates: 444
2026-05-08 01:20:09 | INFO     | PipelineOrchestrator | _print_summary:475 | 
2026-05-08 01:20:09 | INFO     | PipelineOrchestrator | _print_summary:476 | Views created: vw_customer_journey, vw_cashflow_daily, vw_payment_status
2026-05-08 01:20:09 | INFO     | PipelineOrchestrator | _print_summary:477 | ============================================================
2026-05-08 01:20:09 | INFO     | PipelineOrchestrator | _print_summary:478 | PIPELINE COMPLETED SUCCESSFULLY [RAM: 1293 MB]
2026-05-08 01:20:09 | INFO     | PipelineOrchestrator | _print_summary:479 | ============================================================
2026-05-08 05:54:11 | INFO     | Main | main:53 | Mode: FULL PIPELINE
2026-05-08 05:54:11 | INFO     | PipelineOrchestrator | run_full_pipeline:106 | ============================================================
2026-05-08 05:54:11 | INFO     | PipelineOrchestrator | run_full_pipeline:107 | STARTING FULL ETL PIPELINE (Memory-Optimized)
2026-05-08 05:54:11 | INFO     | PipelineOrchestrator | run_full_pipeline:108 | Timestamp: 2026-05-08T05:54:11.835742
2026-05-08 05:54:11 | INFO     | PipelineOrchestrator | run_full_pipeline:109 | ============================================================
2026-05-08 05:54:11 | INFO     | PipelineOrchestrator | _step_create_dataset:412 | ────────────────────────────────────────
2026-05-08 05:54:11 | INFO     | PipelineOrchestrator | _step_create_dataset:413 | STEP: Creating BigQuery dataset...
2026-05-08 05:54:13 | INFO     | BigQueryLoader | create_dataset_if_not_exists:47 | Dataset 'minpyws.techstore_analytics' already exists
2026-05-08 05:54:13 | INFO     | PipelineOrchestrator | run_full_pipeline:118 | ────────────────────────────────────────
2026-05-08 05:54:13 | INFO     | PipelineOrchestrator | run_full_pipeline:119 | PHASE A: DIMENSIONS [RAM: 118 MB]
2026-05-08 05:54:13 | INFO     | SapoExtractor | extract_customers:36 | Starting customer extraction...
2026-05-08 05:54:13 | INFO     | SapoExtractor | extract_json_gzip_batches:119 | Extracting batch 1/10: shared/customers/customers_batch_0.json.gz
2026-05-08 05:54:13 | INFO     | SapoExtractor | extract_json_gzip:22 | Extracting: gs://minpy/shared/customers/customers_batch_0.json.gz
2026-05-08 05:54:18 | INFO     | SapoExtractor | extract_json_gzip:51 | Extracted 10000 records from shared/customers/customers_batch_0.json.gz
2026-05-08 05:54:18 | INFO     | SapoExtractor | extract_json_gzip_batches:119 | Extracting batch 2/10: shared/customers/customers_batch_1.json.gz
2026-05-08 05:54:18 | INFO     | SapoExtractor | extract_json_gzip:22 | Extracting: gs://minpy/shared/customers/customers_batch_1.json.gz
2026-05-08 05:54:21 | INFO     | SapoExtractor | extract_json_gzip:51 | Extracted 10000 records from shared/customers/customers_batch_1.json.gz
2026-05-08 05:54:21 | INFO     | SapoExtractor | extract_json_gzip_batches:119 | Extracting batch 3/10: shared/customers/customers_batch_2.json.gz
2026-05-08 05:54:21 | INFO     | SapoExtractor | extract_json_gzip:22 | Extracting: gs://minpy/shared/customers/customers_batch_2.json.gz
2026-05-08 05:54:26 | INFO     | SapoExtractor | extract_json_gzip:51 | Extracted 10000 records from shared/customers/customers_batch_2.json.gz
2026-05-08 05:54:26 | INFO     | SapoExtractor | extract_json_gzip_batches:119 | Extracting batch 4/10: shared/customers/customers_batch_3.json.gz
2026-05-08 05:54:26 | INFO     | SapoExtractor | extract_json_gzip:22 | Extracting: gs://minpy/shared/customers/customers_batch_3.json.gz
2026-05-08 05:54:29 | INFO     | SapoExtractor | extract_json_gzip:51 | Extracted 10000 records from shared/customers/customers_batch_3.json.gz
2026-05-08 05:54:29 | INFO     | SapoExtractor | extract_json_gzip_batches:119 | Extracting batch 5/10: shared/customers/customers_batch_4.json.gz
2026-05-08 05:54:29 | INFO     | SapoExtractor | extract_json_gzip:22 | Extracting: gs://minpy/shared/customers/customers_batch_4.json.gz
2026-05-08 05:54:31 | INFO     | SapoExtractor | extract_json_gzip:51 | Extracted 10000 records from shared/customers/customers_batch_4.json.gz
2026-05-08 05:54:31 | INFO     | SapoExtractor | extract_json_gzip_batches:119 | Extracting batch 6/10: shared/customers/customers_batch_5.json.gz
2026-05-08 05:54:31 | INFO     | SapoExtractor | extract_json_gzip:22 | Extracting: gs://minpy/shared/customers/customers_batch_5.json.gz
2026-05-08 05:54:34 | INFO     | SapoExtractor | extract_json_gzip:51 | Extracted 10000 records from shared/customers/customers_batch_5.json.gz
2026-05-08 05:54:34 | INFO     | SapoExtractor | extract_json_gzip_batches:119 | Extracting batch 7/10: shared/customers/customers_batch_6.json.gz
2026-05-08 05:54:34 | INFO     | SapoExtractor | extract_json_gzip:22 | Extracting: gs://minpy/shared/customers/customers_batch_6.json.gz
2026-05-08 05:54:37 | INFO     | SapoExtractor | extract_json_gzip:51 | Extracted 10000 records from shared/customers/customers_batch_6.json.gz
2026-05-08 05:54:37 | INFO     | SapoExtractor | extract_json_gzip_batches:119 | Extracting batch 8/10: shared/customers/customers_batch_7.json.gz
2026-05-08 05:54:37 | INFO     | SapoExtractor | extract_json_gzip:22 | Extracting: gs://minpy/shared/customers/customers_batch_7.json.gz
2026-05-08 05:54:41 | INFO     | SapoExtractor | extract_json_gzip:51 | Extracted 10000 records from shared/customers/customers_batch_7.json.gz
2026-05-08 05:54:41 | INFO     | SapoExtractor | extract_json_gzip_batches:119 | Extracting batch 9/10: shared/customers/customers_batch_8.json.gz
2026-05-08 05:54:41 | INFO     | SapoExtractor | extract_json_gzip:22 | Extracting: gs://minpy/shared/customers/customers_batch_8.json.gz
2026-05-08 05:54:44 | INFO     | SapoExtractor | extract_json_gzip:51 | Extracted 10000 records from shared/customers/customers_batch_8.json.gz
2026-05-08 05:54:44 | INFO     | SapoExtractor | extract_json_gzip_batches:119 | Extracting batch 10/10: shared/customers/customers_batch_9.json.gz
2026-05-08 05:54:44 | INFO     | SapoExtractor | extract_json_gzip:22 | Extracting: gs://minpy/shared/customers/customers_batch_9.json.gz
2026-05-08 05:54:46 | INFO     | SapoExtractor | extract_json_gzip:51 | Extracted 10000 records from shared/customers/customers_batch_9.json.gz
2026-05-08 05:54:46 | INFO     | SapoExtractor | extract_json_gzip_batches:125 | Total records from 10 batches: 100000
2026-05-08 05:54:46 | INFO     | SapoExtractor | extract_customers:42 | Customer extraction complete: 100000 customers
2026-05-08 05:54:46 | INFO     | SapoExtractor | extract_products:52 | Starting products extraction...
2026-05-08 05:54:46 | INFO     | SapoExtractor | extract_json_gzip:22 | Extracting: gs://minpy/shared/products.json.gz
2026-05-08 05:54:47 | INFO     | SapoExtractor | extract_json_gzip:51 | Extracted 1300 records from shared/products.json.gz
2026-05-08 05:54:47 | INFO     | SapoExtractor | extract_products:54 | Products extraction complete: 1300 products
2026-05-08 05:54:47 | INFO     | SapoExtractor | extract_locations:64 | Starting locations extraction...
2026-05-08 05:54:47 | INFO     | SapoExtractor | extract_json_gzip:22 | Extracting: gs://minpy/shared/sapo_locations.json.gz
2026-05-08 05:54:48 | INFO     | SapoExtractor | extract_json_gzip:51 | Extracted 50 records from shared/sapo_locations.json.gz
2026-05-08 05:54:48 | INFO     | SapoExtractor | extract_locations:66 | Locations extraction complete: 50 locations
2026-05-08 05:54:48 | INFO     | SapoExtractor | extract_orders:24 | Starting Sapo orders extraction...
2026-05-08 05:54:48 | INFO     | SapoExtractor | extract_json_gzip:22 | Extracting: gs://minpy/sapo/transactions.json.gz
2026-05-08 05:54:51 | INFO     | SapoExtractor | extract_json_gzip:51 | Extracted 5000 records from sapo/transactions.json.gz
2026-05-08 05:54:51 | INFO     | SapoExtractor | extract_orders:26 | Sapo extraction complete: 5000 orders
2026-05-08 05:54:51 | INFO     | DimensionTransformer | transform_dim_customers:33 | Transforming dim_customers...
2026-05-08 05:54:53 | INFO     | DimensionTransformer | check_duplicates:72 | [dim_customers] No duplicates found on ['customer_id']
2026-05-08 05:54:53 | INFO     | DimensionTransformer | validate_date_range:116 | [dim_customers] Date range for 'created_at': 2023-12-17 19:59:26.237721 to 2025-12-15 19:59:37.375962
2026-05-08 05:54:53 | INFO     | DimensionTransformer | transform_dim_customers:70 | dim_customers: 100000 rows
2026-05-08 05:54:53 | INFO     | DimensionTransformer | transform_dim_products:86 | Transforming dim_products...
2026-05-08 05:54:53 | INFO     | DimensionTransformer | check_duplicates:72 | [dim_products] No duplicates found on ['product_id']
2026-05-08 05:54:53 | INFO     | DimensionTransformer | validate_amounts:152 | [dim_products] 'price_vnd' stats: mean=19,338,538, median=6,850,000, std=26,822,415
2026-05-08 05:54:53 | WARNING  | DimensionTransformer | validate_amounts:161 | [dim_products] Column 'price_vnd': 40 potential outliers (>3σ)
2026-05-08 05:54:53 | INFO     | DimensionTransformer | validate_amounts:152 | [dim_products] 'price_usd' stats: mean=806, median=285, std=1,118
2026-05-08 05:54:53 | WARNING  | DimensionTransformer | validate_amounts:161 | [dim_products] Column 'price_usd': 40 potential outliers (>3σ)
2026-05-08 05:54:53 | INFO     | DimensionTransformer | transform_dim_products:114 | dim_products: 1300 rows
2026-05-08 05:54:53 | INFO     | DimensionTransformer | transform_dim_locations:130 | Transforming dim_locations...
2026-05-08 05:54:53 | INFO     | DimensionTransformer | check_duplicates:72 | [dim_locations] No duplicates found on ['location_id']
2026-05-08 05:54:53 | INFO     | DimensionTransformer | transform_dim_locations:159 | dim_locations: 50 rows
2026-05-08 05:54:53 | INFO     | DimensionTransformer | transform_dim_staff:176 | Transforming dim_staff...
2026-05-08 05:54:53 | WARNING  | DimensionTransformer | transform_dim_staff:207 | No staff data available. Creating empty dim_staff.
2026-05-08 05:54:54 | INFO     | DimensionTransformer | transform_dim_date:230 | Generating dim_date from 2024-01-01 to 2027-12-31...
2026-05-08 05:54:54 | INFO     | DimensionTransformer | transform_dim_date:262 | dim_date: 1461 rows generated
2026-05-08 05:54:54 | INFO     | PipelineOrchestrator | _load_tables:390 | Loading Dimensions to BigQuery...
2026-05-08 05:54:54 | INFO     | BigQueryLoader | load_dataframe:74 | Loading 100000 rows into minpyws.techstore_analytics.dim_customers (disposition: WRITE_TRUNCATE)...
2026-05-08 05:54:54 | INFO     | BigQueryLoader | load_dataframe:91 |   Partitioning on: created_at
2026-05-08 05:55:14 | INFO     | BigQueryLoader | load_dataframe:107 | Successfully loaded 100000 rows into minpyws.techstore_analytics.dim_customers
2026-05-08 05:55:14 | INFO     | BigQueryLoader | load_dataframe:74 | Loading 1300 rows into minpyws.techstore_analytics.dim_products (disposition: WRITE_TRUNCATE)...
2026-05-08 05:55:19 | INFO     | BigQueryLoader | load_dataframe:107 | Successfully loaded 1300 rows into minpyws.techstore_analytics.dim_products
2026-05-08 05:55:19 | INFO     | BigQueryLoader | load_dataframe:74 | Loading 50 rows into minpyws.techstore_analytics.dim_locations (disposition: WRITE_TRUNCATE)...
2026-05-08 05:55:23 | INFO     | BigQueryLoader | load_dataframe:107 | Successfully loaded 50 rows into minpyws.techstore_analytics.dim_locations
2026-05-08 05:55:23 | WARNING  | PipelineOrchestrator | _load_tables:403 | Skipping empty table: dim_staff
2026-05-08 05:55:23 | INFO     | BigQueryLoader | load_dataframe:74 | Loading 1461 rows into minpyws.techstore_analytics.dim_date (disposition: WRITE_TRUNCATE)...
2026-05-08 05:55:27 | INFO     | BigQueryLoader | load_dataframe:107 | Successfully loaded 1461 rows into minpyws.techstore_analytics.dim_date
2026-05-08 05:55:27 | INFO     | PipelineOrchestrator | run_full_pipeline:152 | Phase A complete. [RAM: 197 MB]
2026-05-08 05:55:27 | INFO     | PipelineOrchestrator | run_full_pipeline:158 |   Freed dimension DataFrames [RAM: 196 MB]
2026-05-08 05:55:27 | INFO     | PipelineOrchestrator | run_full_pipeline:163 | ────────────────────────────────────────
2026-05-08 05:55:27 | INFO     | PipelineOrchestrator | run_full_pipeline:164 | PHASE B: ORDER FACTS [RAM: 196 MB]
2026-05-08 05:55:27 | INFO     | ShopifyExtractor | extract_orders:23 | Starting Shopify orders extraction...
2026-05-08 05:55:27 | INFO     | ShopifyExtractor | extract_json_gzip_batches:119 | Extracting batch 1/5: shopify/orders_batch_0.json.gz
2026-05-08 05:55:27 | INFO     | ShopifyExtractor | extract_json_gzip:22 | Extracting: gs://minpy/shopify/orders_batch_0.json.gz
2026-05-08 05:55:40 | INFO     | ShopifyExtractor | extract_json_gzip:51 | Extracted 100000 records from shopify/orders_batch_0.json.gz
2026-05-08 05:55:40 | INFO     | ShopifyExtractor | extract_json_gzip_batches:119 | Extracting batch 2/5: shopify/orders_batch_1.json.gz
2026-05-08 05:55:40 | INFO     | ShopifyExtractor | extract_json_gzip:22 | Extracting: gs://minpy/shopify/orders_batch_1.json.gz
2026-05-08 05:55:50 | INFO     | ShopifyExtractor | extract_json_gzip:51 | Extracted 100000 records from shopify/orders_batch_1.json.gz
2026-05-08 05:55:50 | INFO     | ShopifyExtractor | extract_json_gzip_batches:119 | Extracting batch 3/5: shopify/orders_batch_2.json.gz
2026-05-08 05:55:50 | INFO     | ShopifyExtractor | extract_json_gzip:22 | Extracting: gs://minpy/shopify/orders_batch_2.json.gz
2026-05-08 05:56:06 | INFO     | ShopifyExtractor | extract_json_gzip:51 | Extracted 100000 records from shopify/orders_batch_2.json.gz
2026-05-08 05:56:06 | INFO     | ShopifyExtractor | extract_json_gzip_batches:119 | Extracting batch 4/5: shopify/orders_batch_3.json.gz
2026-05-08 05:56:06 | INFO     | ShopifyExtractor | extract_json_gzip:22 | Extracting: gs://minpy/shopify/orders_batch_3.json.gz
2026-05-08 05:56:18 | INFO     | ShopifyExtractor | extract_json_gzip:51 | Extracted 100000 records from shopify/orders_batch_3.json.gz
2026-05-08 05:56:18 | INFO     | ShopifyExtractor | extract_json_gzip_batches:119 | Extracting batch 5/5: shopify/orders_batch_4.json.gz
2026-05-08 05:56:18 | INFO     | ShopifyExtractor | extract_json_gzip:22 | Extracting: gs://minpy/shopify/orders_batch_4.json.gz
2026-05-08 05:56:30 | INFO     | ShopifyExtractor | extract_json_gzip:51 | Extracted 100000 records from shopify/orders_batch_4.json.gz
2026-05-08 05:56:30 | INFO     | ShopifyExtractor | extract_json_gzip_batches:125 | Total records from 5 batches: 500000
2026-05-08 05:56:30 | INFO     | ShopifyExtractor | extract_orders:29 | Shopify extraction complete: 500000 total orders
2026-05-08 05:56:30 | INFO     | SapoExtractor | extract_online_orders:76 | Starting online orders extraction...
2026-05-08 05:56:30 | INFO     | SapoExtractor | extract_json_gzip:22 | Extracting: gs://minpy/online_orders/online_orders.json.gz
2026-05-08 05:57:36 | INFO     | SapoExtractor | extract_json_gzip:51 | Extracted 200000 records from online_orders/online_orders.json.gz
2026-05-08 05:57:36 | INFO     | SapoExtractor | extract_online_orders:78 | Online orders extraction complete: 200000 orders
2026-05-08 05:57:36 | INFO     | FactTransformer | transform_fact_orders:40 | Transforming fact_orders...
2026-05-08 05:57:36 | INFO     | FactTransformer | transform_fact_orders:45 | Processing 500000 Shopify orders...
2026-05-08 05:58:02 | INFO     | FactTransformer | transform_fact_orders:80 | Processing 5000 Sapo orders...
2026-05-08 05:58:02 | INFO     | FactTransformer | transform_fact_orders:117 | Processing 200000 online orders...
2026-05-08 05:58:17 | INFO     | FactTransformer | transform_fact_orders:160 | Combining orders from all channels...
2026-05-08 05:58:53 | WARNING  | FactTransformer | check_nulls:42 | [fact_orders] Column 'customer_id' has 5000 null values (0.71%)
2026-05-08 05:58:53 | WARNING  | FactTransformer | check_duplicates:66 | [fact_orders] Found 444 duplicate records on ['order_key']. Removing...
2026-05-08 05:58:53 | INFO     | FactTransformer | validate_date_range:116 | [fact_orders] Date range for 'order_date': 2025-01-06 15:48:54.567378 to 2026-01-06 15:49:57.642486
2026-05-08 05:58:53 | INFO     | FactTransformer | validate_amounts:152 | [fact_orders] 'total_vnd' stats: mean=113,237,014, median=78,320,000, std=113,439,581
2026-05-08 05:58:53 | WARNING  | FactTransformer | validate_amounts:161 | [fact_orders] Column 'total_vnd': 11714 potential outliers (>3σ)
2026-05-08 05:58:53 | INFO     | FactTransformer | transform_fact_orders:214 | fact_orders: 704556 rows
2026-05-08 05:58:56 | INFO     | FactTransformer | transform_fact_order_items:238 | Transforming fact_order_items...
2026-05-08 05:58:56 | INFO     | FactTransformer | transform_fact_order_items:251 | Extracting line items from shopify (500000 orders)...
2026-05-08 05:59:37 | INFO     | FactTransformer | transform_fact_order_items:251 | Extracting line items from sapo_pos (5000 orders)...
2026-05-08 05:59:37 | INFO     | FactTransformer | transform_fact_order_items:251 | Extracting line items from online (200000 orders)...
2026-05-08 06:02:22 | INFO     | FactTransformer | validate_amounts:152 | [fact_order_items] 'unit_price_vnd' stats: mean=17,645,212, median=6,000,000, std=23,781,511
2026-05-08 06:02:22 | WARNING  | FactTransformer | validate_amounts:161 | [fact_order_items] Column 'unit_price_vnd': 55802 potential outliers (>3σ)
2026-05-08 06:02:22 | INFO     | FactTransformer | validate_amounts:152 | [fact_order_items] 'line_total_vnd' stats: mean=34,568,156, median=11,400,000, std=52,395,355
2026-05-08 06:02:22 | WARNING  | FactTransformer | validate_amounts:161 | [fact_order_items] Column 'line_total_vnd': 48610 potential outliers (>3σ)
2026-05-08 06:02:22 | INFO     | FactTransformer | transform_fact_order_items:323 | fact_order_items: 2099029 rows
2026-05-08 06:02:59 | INFO     | PipelineOrchestrator | _load_tables:390 | Loading Order facts to BigQuery...
2026-05-08 06:02:59 | INFO     | BigQueryLoader | load_dataframe:74 | Loading 704556 rows into minpyws.techstore_analytics.fact_orders (disposition: WRITE_TRUNCATE)...
2026-05-08 06:02:59 | INFO     | BigQueryLoader | load_dataframe:91 |   Partitioning on: order_date
2026-05-08 06:02:59 | INFO     | BigQueryLoader | load_dataframe:98 |   Clustering on: ['customer_id', 'channel']
2026-05-08 06:03:17 | INFO     | BigQueryLoader | load_dataframe:107 | Successfully loaded 704556 rows into minpyws.techstore_analytics.fact_orders
2026-05-08 06:03:17 | INFO     | BigQueryLoader | load_dataframe:74 | Loading 2099029 rows into minpyws.techstore_analytics.fact_order_items (disposition: WRITE_TRUNCATE)...
2026-05-08 06:03:17 | INFO     | BigQueryLoader | load_dataframe:91 |   Partitioning on: order_date
2026-05-08 06:03:17 | INFO     | BigQueryLoader | load_dataframe:98 |   Clustering on: ['product_id']
2026-05-08 06:03:41 | INFO     | BigQueryLoader | load_dataframe:107 | Successfully loaded 2099029 rows into minpyws.techstore_analytics.fact_order_items
2026-05-08 06:03:41 | INFO     | PipelineOrchestrator | run_full_pipeline:193 | Phase B complete. [RAM: 904 MB]
2026-05-08 06:03:41 | INFO     | PipelineOrchestrator | run_full_pipeline:198 |   Freed fact_order_items [RAM: 574 MB]
2026-05-08 06:03:41 | INFO     | PipelineOrchestrator | run_full_pipeline:203 | ────────────────────────────────────────
2026-05-08 06:03:41 | INFO     | PipelineOrchestrator | run_full_pipeline:204 | PHASE C: PAYMENT FACTS [RAM: 574 MB]
2026-05-08 06:03:41 | INFO     | PaymentExtractor | extract_paypal:23 | Starting PayPal extraction...
2026-05-08 06:03:41 | INFO     | PaymentExtractor | extract_json_gzip:22 | Extracting: gs://minpy/paypal/transactions.json.gz
2026-05-08 06:03:47 | INFO     | PaymentExtractor | extract_json_gzip:51 | Extracted 11000 records from paypal/transactions.json.gz
2026-05-08 06:03:47 | INFO     | PaymentExtractor | extract_paypal:25 | PayPal extraction complete: 11000 transactions
2026-05-08 06:03:47 | INFO     | PaymentExtractor | extract_momo:35 | Starting MoMo extraction...
2026-05-08 06:03:47 | INFO     | PaymentExtractor | extract_json_gzip:22 | Extracting: gs://minpy/momo/transactions.json.gz
2026-05-08 06:03:52 | INFO     | PaymentExtractor | extract_json_gzip:51 | Extracted 40000 records from momo/transactions.json.gz
2026-05-08 06:03:52 | INFO     | PaymentExtractor | extract_momo:37 | MoMo extraction complete: 40000 transactions
2026-05-08 06:03:52 | INFO     | PaymentExtractor | extract_zalopay:47 | Starting ZaloPay extraction...
2026-05-08 06:03:52 | INFO     | PaymentExtractor | extract_json_gzip:22 | Extracting: gs://minpy/zalopay/transactions.json.gz
2026-05-08 06:03:57 | INFO     | PaymentExtractor | extract_json_gzip:51 | Extracted 55000 records from zalopay/transactions.json.gz
2026-05-08 06:03:57 | INFO     | PaymentExtractor | extract_zalopay:49 | ZaloPay extraction complete: 55000 transactions
2026-05-08 06:03:57 | INFO     | FactTransformer | transform_fact_payments:347 | Transforming fact_payments...
2026-05-08 06:03:57 | INFO     | FactTransformer | transform_fact_payments:352 | Processing 11000 PayPal transactions...
2026-05-08 06:03:57 | INFO     | FactTransformer | transform_fact_payments:370 | Processing 40000 MoMo transactions...
2026-05-08 06:03:57 | INFO     | FactTransformer | transform_fact_payments:389 | Processing 55000 ZaloPay transactions...
2026-05-08 06:04:01 | INFO     | FactTransformer | check_duplicates:72 | [fact_payments] No duplicates found on ['payment_key']
2026-05-08 06:04:01 | INFO     | FactTransformer | validate_date_range:116 | [fact_payments] Date range for 'payment_date': 2025-10-07 16:08:22.703760 to 2026-01-06 16:04:09.797116
2026-05-08 06:04:01 | INFO     | FactTransformer | validate_amounts:152 | [fact_payments] 'amount_vnd' stats: mean=4,210,667, median=845,000, std=8,481,488
2026-05-08 06:04:01 | WARNING  | FactTransformer | validate_amounts:161 | [fact_payments] Column 'amount_vnd': 4216 potential outliers (>3σ)
2026-05-08 06:04:01 | INFO     | FactTransformer | transform_fact_payments:443 | fact_payments: 106000 rows
2026-05-08 06:04:02 | INFO     | PipelineOrchestrator | _load_tables:390 | Loading Payment facts to BigQuery...
2026-05-08 06:04:02 | INFO     | BigQueryLoader | load_dataframe:74 | Loading 106000 rows into minpyws.techstore_analytics.fact_payments (disposition: WRITE_TRUNCATE)...
2026-05-08 06:04:02 | INFO     | BigQueryLoader | load_dataframe:91 |   Partitioning on: payment_date
2026-05-08 06:04:02 | INFO     | BigQueryLoader | load_dataframe:98 |   Clustering on: ['customer_id', 'payment_gateway']
2026-05-08 06:04:09 | INFO     | BigQueryLoader | load_dataframe:107 | Successfully loaded 106000 rows into minpyws.techstore_analytics.fact_payments
2026-05-08 06:04:09 | INFO     | PipelineOrchestrator | run_full_pipeline:223 | Phase C complete. [RAM: 593 MB]
2026-05-08 06:04:09 | INFO     | PipelineOrchestrator | run_full_pipeline:232 | ────────────────────────────────────────
2026-05-08 06:04:09 | INFO     | PipelineOrchestrator | run_full_pipeline:233 | PHASE D: CART EVENTS (large file — chunked mode) [RAM: 585 MB]
2026-05-08 06:04:10 | INFO     | FactTransformer | transform_fact_cart_events_chunked:532 | Transforming fact_cart_events (chunked mode)...
2026-05-08 06:04:10 | INFO     | TrackingExtractor | extract_cart_events_chunked:44 | Starting chunked cart events extraction (large file)...
2026-05-08 06:04:10 | INFO     | TrackingExtractor | extract_json_gzip_chunked:67 | Extracting (chunked): gs://minpy/cart_tracking/cart_events.json.gz
2026-05-08 06:04:43 | INFO     | TrackingExtractor | extract_json_gzip_chunked:90 |   Yielding chunk: 50000 records (total so far: 50000)
2026-05-08 06:04:43 | INFO     | FactTransformer | transform_fact_cart_events_chunked:541 |   Processing chunk 1: 50000 records (total input: 50000)
2026-05-08 06:04:47 | INFO     | TrackingExtractor | extract_json_gzip_chunked:90 |   Yielding chunk: 50000 records (total so far: 100000)
2026-05-08 06:04:47 | INFO     | FactTransformer | transform_fact_cart_events_chunked:541 |   Processing chunk 2: 50000 records (total input: 100000)
2026-05-08 06:04:52 | INFO     | TrackingExtractor | extract_json_gzip_chunked:90 |   Yielding chunk: 50000 records (total so far: 150000)
2026-05-08 06:04:52 | INFO     | FactTransformer | transform_fact_cart_events_chunked:541 |   Processing chunk 3: 50000 records (total input: 150000)
2026-05-08 06:04:56 | INFO     | TrackingExtractor | extract_json_gzip_chunked:90 |   Yielding chunk: 50000 records (total so far: 200000)
2026-05-08 06:04:56 | INFO     | FactTransformer | transform_fact_cart_events_chunked:541 |   Processing chunk 4: 50000 records (total input: 200000)
2026-05-08 06:05:00 | INFO     | TrackingExtractor | extract_json_gzip_chunked:90 |   Yielding chunk: 50000 records (total so far: 250000)
2026-05-08 06:05:00 | INFO     | FactTransformer | transform_fact_cart_events_chunked:541 |   Processing chunk 5: 50000 records (total input: 250000)
2026-05-08 06:05:04 | INFO     | TrackingExtractor | extract_json_gzip_chunked:90 |   Yielding chunk: 50000 records (total so far: 300000)
2026-05-08 06:05:04 | INFO     | FactTransformer | transform_fact_cart_events_chunked:541 |   Processing chunk 6: 50000 records (total input: 300000)
2026-05-08 06:05:08 | INFO     | TrackingExtractor | extract_json_gzip_chunked:90 |   Yielding chunk: 50000 records (total so far: 350000)
2026-05-08 06:05:08 | INFO     | FactTransformer | transform_fact_cart_events_chunked:541 |   Processing chunk 7: 50000 records (total input: 350000)
2026-05-08 06:05:12 | INFO     | TrackingExtractor | extract_json_gzip_chunked:90 |   Yielding chunk: 50000 records (total so far: 400000)
2026-05-08 06:05:12 | INFO     | FactTransformer | transform_fact_cart_events_chunked:541 |   Processing chunk 8: 50000 records (total input: 400000)
2026-05-08 06:05:16 | INFO     | TrackingExtractor | extract_json_gzip_chunked:90 |   Yielding chunk: 50000 records (total so far: 450000)
2026-05-08 06:05:16 | INFO     | FactTransformer | transform_fact_cart_events_chunked:541 |   Processing chunk 9: 50000 records (total input: 450000)
2026-05-08 06:05:20 | INFO     | TrackingExtractor | extract_json_gzip_chunked:90 |   Yielding chunk: 50000 records (total so far: 500000)
2026-05-08 06:05:20 | INFO     | FactTransformer | transform_fact_cart_events_chunked:541 |   Processing chunk 10: 50000 records (total input: 500000)
2026-05-08 06:05:23 | INFO     | TrackingExtractor | extract_json_gzip_chunked:90 |   Yielding chunk: 50000 records (total so far: 550000)
2026-05-08 06:05:23 | INFO     | FactTransformer | transform_fact_cart_events_chunked:541 |   Processing chunk 11: 50000 records (total input: 550000)
2026-05-08 06:05:27 | INFO     | TrackingExtractor | extract_json_gzip_chunked:90 |   Yielding chunk: 50000 records (total so far: 600000)
2026-05-08 06:05:27 | INFO     | FactTransformer | transform_fact_cart_events_chunked:541 |   Processing chunk 12: 50000 records (total input: 600000)
2026-05-08 06:05:31 | INFO     | TrackingExtractor | extract_json_gzip_chunked:90 |   Yielding chunk: 50000 records (total so far: 650000)
2026-05-08 06:05:31 | INFO     | FactTransformer | transform_fact_cart_events_chunked:541 |   Processing chunk 13: 50000 records (total input: 650000)
2026-05-08 06:05:35 | INFO     | TrackingExtractor | extract_json_gzip_chunked:90 |   Yielding chunk: 50000 records (total so far: 700000)
2026-05-08 06:05:35 | INFO     | FactTransformer | transform_fact_cart_events_chunked:541 |   Processing chunk 14: 50000 records (total input: 700000)
2026-05-08 06:05:39 | INFO     | TrackingExtractor | extract_json_gzip_chunked:90 |   Yielding chunk: 50000 records (total so far: 750000)
2026-05-08 06:05:39 | INFO     | FactTransformer | transform_fact_cart_events_chunked:541 |   Processing chunk 15: 50000 records (total input: 750000)
2026-05-08 06:05:43 | INFO     | TrackingExtractor | extract_json_gzip_chunked:90 |   Yielding chunk: 50000 records (total so far: 800000)
2026-05-08 06:05:43 | INFO     | FactTransformer | transform_fact_cart_events_chunked:541 |   Processing chunk 16: 50000 records (total input: 800000)
2026-05-08 06:05:47 | INFO     | TrackingExtractor | extract_json_gzip_chunked:90 |   Yielding chunk: 50000 records (total so far: 850000)
2026-05-08 06:05:47 | INFO     | FactTransformer | transform_fact_cart_events_chunked:541 |   Processing chunk 17: 50000 records (total input: 850000)
2026-05-08 06:05:51 | INFO     | TrackingExtractor | extract_json_gzip_chunked:90 |   Yielding chunk: 50000 records (total so far: 900000)
2026-05-08 06:05:51 | INFO     | FactTransformer | transform_fact_cart_events_chunked:541 |   Processing chunk 18: 50000 records (total input: 900000)
2026-05-08 06:05:54 | INFO     | TrackingExtractor | extract_json_gzip_chunked:90 |   Yielding chunk: 50000 records (total so far: 950000)
2026-05-08 06:05:54 | INFO     | FactTransformer | transform_fact_cart_events_chunked:541 |   Processing chunk 19: 50000 records (total input: 950000)
2026-05-08 06:05:58 | INFO     | TrackingExtractor | extract_json_gzip_chunked:90 |   Yielding chunk: 50000 records (total so far: 1000000)
2026-05-08 06:05:58 | INFO     | FactTransformer | transform_fact_cart_events_chunked:541 |   Processing chunk 20: 50000 records (total input: 1000000)
2026-05-08 06:06:02 | INFO     | TrackingExtractor | extract_json_gzip_chunked:90 |   Yielding chunk: 50000 records (total so far: 1050000)
2026-05-08 06:06:02 | INFO     | FactTransformer | transform_fact_cart_events_chunked:541 |   Processing chunk 21: 50000 records (total input: 1050000)
2026-05-08 06:06:06 | INFO     | TrackingExtractor | extract_json_gzip_chunked:90 |   Yielding chunk: 50000 records (total so far: 1100000)
2026-05-08 06:06:06 | INFO     | FactTransformer | transform_fact_cart_events_chunked:541 |   Processing chunk 22: 50000 records (total input: 1100000)
2026-05-08 06:06:10 | INFO     | TrackingExtractor | extract_json_gzip_chunked:90 |   Yielding chunk: 50000 records (total so far: 1150000)
2026-05-08 06:06:10 | INFO     | FactTransformer | transform_fact_cart_events_chunked:541 |   Processing chunk 23: 50000 records (total input: 1150000)
2026-05-08 06:06:14 | INFO     | TrackingExtractor | extract_json_gzip_chunked:90 |   Yielding chunk: 50000 records (total so far: 1200000)
2026-05-08 06:06:14 | INFO     | FactTransformer | transform_fact_cart_events_chunked:541 |   Processing chunk 24: 50000 records (total input: 1200000)
2026-05-08 06:06:18 | INFO     | TrackingExtractor | extract_json_gzip_chunked:90 |   Yielding chunk: 50000 records (total so far: 1250000)
2026-05-08 06:06:18 | INFO     | FactTransformer | transform_fact_cart_events_chunked:541 |   Processing chunk 25: 50000 records (total input: 1250000)
2026-05-08 06:06:22 | INFO     | TrackingExtractor | extract_json_gzip_chunked:90 |   Yielding chunk: 50000 records (total so far: 1300000)
2026-05-08 06:06:22 | INFO     | FactTransformer | transform_fact_cart_events_chunked:541 |   Processing chunk 26: 50000 records (total input: 1300000)
2026-05-08 06:06:26 | INFO     | TrackingExtractor | extract_json_gzip_chunked:90 |   Yielding chunk: 50000 records (total so far: 1350000)
2026-05-08 06:06:26 | INFO     | FactTransformer | transform_fact_cart_events_chunked:541 |   Processing chunk 27: 50000 records (total input: 1350000)
2026-05-08 06:06:29 | INFO     | TrackingExtractor | extract_json_gzip_chunked:90 |   Yielding chunk: 50000 records (total so far: 1400000)
2026-05-08 06:06:29 | INFO     | FactTransformer | transform_fact_cart_events_chunked:541 |   Processing chunk 28: 50000 records (total input: 1400000)
2026-05-08 06:06:33 | INFO     | TrackingExtractor | extract_json_gzip_chunked:90 |   Yielding chunk: 50000 records (total so far: 1450000)
2026-05-08 06:06:33 | INFO     | FactTransformer | transform_fact_cart_events_chunked:541 |   Processing chunk 29: 50000 records (total input: 1450000)
2026-05-08 06:06:37 | INFO     | TrackingExtractor | extract_json_gzip_chunked:90 |   Yielding chunk: 50000 records (total so far: 1500000)
2026-05-08 06:06:37 | INFO     | FactTransformer | transform_fact_cart_events_chunked:541 |   Processing chunk 30: 50000 records (total input: 1500000)
2026-05-08 06:06:41 | INFO     | TrackingExtractor | extract_json_gzip_chunked:90 |   Yielding chunk: 50000 records (total so far: 1550000)
2026-05-08 06:06:41 | INFO     | FactTransformer | transform_fact_cart_events_chunked:541 |   Processing chunk 31: 50000 records (total input: 1550000)
2026-05-08 06:06:44 | INFO     | TrackingExtractor | extract_json_gzip_chunked:90 |   Yielding chunk: 50000 records (total so far: 1600000)
2026-05-08 06:06:44 | INFO     | FactTransformer | transform_fact_cart_events_chunked:541 |   Processing chunk 32: 50000 records (total input: 1600000)
2026-05-08 06:06:48 | INFO     | TrackingExtractor | extract_json_gzip_chunked:90 |   Yielding chunk: 50000 records (total so far: 1650000)
2026-05-08 06:06:48 | INFO     | FactTransformer | transform_fact_cart_events_chunked:541 |   Processing chunk 33: 50000 records (total input: 1650000)
2026-05-08 06:06:52 | INFO     | TrackingExtractor | extract_json_gzip_chunked:90 |   Yielding chunk: 50000 records (total so far: 1700000)
2026-05-08 06:06:52 | INFO     | FactTransformer | transform_fact_cart_events_chunked:541 |   Processing chunk 34: 50000 records (total input: 1700000)
2026-05-08 06:06:56 | INFO     | TrackingExtractor | extract_json_gzip_chunked:90 |   Yielding chunk: 50000 records (total so far: 1750000)
2026-05-08 06:06:56 | INFO     | FactTransformer | transform_fact_cart_events_chunked:541 |   Processing chunk 35: 50000 records (total input: 1750000)
2026-05-08 06:07:00 | INFO     | TrackingExtractor | extract_json_gzip_chunked:90 |   Yielding chunk: 50000 records (total so far: 1800000)
2026-05-08 06:07:00 | INFO     | FactTransformer | transform_fact_cart_events_chunked:541 |   Processing chunk 36: 50000 records (total input: 1800000)
2026-05-08 06:07:03 | INFO     | TrackingExtractor | extract_json_gzip_chunked:90 |   Yielding chunk: 50000 records (total so far: 1850000)
2026-05-08 06:07:03 | INFO     | FactTransformer | transform_fact_cart_events_chunked:541 |   Processing chunk 37: 50000 records (total input: 1850000)
2026-05-08 06:07:07 | INFO     | TrackingExtractor | extract_json_gzip_chunked:90 |   Yielding chunk: 50000 records (total so far: 1900000)
2026-05-08 06:07:07 | INFO     | FactTransformer | transform_fact_cart_events_chunked:541 |   Processing chunk 38: 50000 records (total input: 1900000)
2026-05-08 06:07:11 | INFO     | TrackingExtractor | extract_json_gzip_chunked:90 |   Yielding chunk: 50000 records (total so far: 1950000)
2026-05-08 06:07:11 | INFO     | FactTransformer | transform_fact_cart_events_chunked:541 |   Processing chunk 39: 50000 records (total input: 1950000)
2026-05-08 06:07:15 | INFO     | TrackingExtractor | extract_json_gzip_chunked:90 |   Yielding chunk: 50000 records (total so far: 2000000)
2026-05-08 06:07:15 | INFO     | FactTransformer | transform_fact_cart_events_chunked:541 |   Processing chunk 40: 50000 records (total input: 2000000)
2026-05-08 06:07:19 | INFO     | TrackingExtractor | extract_json_gzip_chunked:90 |   Yielding chunk: 50000 records (total so far: 2050000)
2026-05-08 06:07:19 | INFO     | FactTransformer | transform_fact_cart_events_chunked:541 |   Processing chunk 41: 50000 records (total input: 2050000)
2026-05-08 06:07:22 | INFO     | TrackingExtractor | extract_json_gzip_chunked:90 |   Yielding chunk: 50000 records (total so far: 2100000)
2026-05-08 06:07:22 | INFO     | FactTransformer | transform_fact_cart_events_chunked:541 |   Processing chunk 42: 50000 records (total input: 2100000)
2026-05-08 06:07:26 | INFO     | TrackingExtractor | extract_json_gzip_chunked:90 |   Yielding chunk: 50000 records (total so far: 2150000)
2026-05-08 06:07:26 | INFO     | FactTransformer | transform_fact_cart_events_chunked:541 |   Processing chunk 43: 50000 records (total input: 2150000)
2026-05-08 06:07:30 | INFO     | TrackingExtractor | extract_json_gzip_chunked:90 |   Yielding chunk: 50000 records (total so far: 2200000)
2026-05-08 06:07:30 | INFO     | FactTransformer | transform_fact_cart_events_chunked:541 |   Processing chunk 44: 50000 records (total input: 2200000)
2026-05-08 06:07:34 | INFO     | TrackingExtractor | extract_json_gzip_chunked:90 |   Yielding chunk: 50000 records (total so far: 2250000)
2026-05-08 06:07:34 | INFO     | FactTransformer | transform_fact_cart_events_chunked:541 |   Processing chunk 45: 50000 records (total input: 2250000)
2026-05-08 06:07:39 | INFO     | TrackingExtractor | extract_json_gzip_chunked:90 |   Yielding chunk: 50000 records (total so far: 2300000)
2026-05-08 06:07:39 | INFO     | FactTransformer | transform_fact_cart_events_chunked:541 |   Processing chunk 46: 50000 records (total input: 2300000)
2026-05-08 06:07:43 | INFO     | TrackingExtractor | extract_json_gzip_chunked:90 |   Yielding chunk: 50000 records (total so far: 2350000)
2026-05-08 06:07:43 | INFO     | FactTransformer | transform_fact_cart_events_chunked:541 |   Processing chunk 47: 50000 records (total input: 2350000)
2026-05-08 06:07:46 | INFO     | TrackingExtractor | extract_json_gzip_chunked:90 |   Yielding chunk: 50000 records (total so far: 2400000)
2026-05-08 06:07:46 | INFO     | FactTransformer | transform_fact_cart_events_chunked:541 |   Processing chunk 48: 50000 records (total input: 2400000)
2026-05-08 06:07:51 | INFO     | TrackingExtractor | extract_json_gzip_chunked:90 |   Yielding chunk: 50000 records (total so far: 2450000)
2026-05-08 06:07:51 | INFO     | FactTransformer | transform_fact_cart_events_chunked:541 |   Processing chunk 49: 50000 records (total input: 2450000)
2026-05-08 06:07:54 | INFO     | TrackingExtractor | extract_json_gzip_chunked:90 |   Yielding chunk: 50000 records (total so far: 2500000)
2026-05-08 06:07:54 | INFO     | FactTransformer | transform_fact_cart_events_chunked:541 |   Processing chunk 50: 50000 records (total input: 2500000)
2026-05-08 06:07:58 | INFO     | TrackingExtractor | extract_json_gzip_chunked:90 |   Yielding chunk: 50000 records (total so far: 2550000)
2026-05-08 06:07:58 | INFO     | FactTransformer | transform_fact_cart_events_chunked:541 |   Processing chunk 51: 50000 records (total input: 2550000)
2026-05-08 06:08:02 | INFO     | TrackingExtractor | extract_json_gzip_chunked:90 |   Yielding chunk: 50000 records (total so far: 2600000)
2026-05-08 06:08:02 | INFO     | FactTransformer | transform_fact_cart_events_chunked:541 |   Processing chunk 52: 50000 records (total input: 2600000)
2026-05-08 06:08:06 | INFO     | TrackingExtractor | extract_json_gzip_chunked:90 |   Yielding chunk: 50000 records (total so far: 2650000)
2026-05-08 06:08:06 | INFO     | FactTransformer | transform_fact_cart_events_chunked:541 |   Processing chunk 53: 50000 records (total input: 2650000)
2026-05-08 06:08:11 | INFO     | TrackingExtractor | extract_json_gzip_chunked:90 |   Yielding chunk: 50000 records (total so far: 2700000)
2026-05-08 06:08:11 | INFO     | FactTransformer | transform_fact_cart_events_chunked:541 |   Processing chunk 54: 50000 records (total input: 2700000)
2026-05-08 06:08:14 | INFO     | TrackingExtractor | extract_json_gzip_chunked:90 |   Yielding chunk: 50000 records (total so far: 2750000)
2026-05-08 06:08:14 | INFO     | FactTransformer | transform_fact_cart_events_chunked:541 |   Processing chunk 55: 50000 records (total input: 2750000)
2026-05-08 06:08:18 | INFO     | TrackingExtractor | extract_json_gzip_chunked:90 |   Yielding chunk: 50000 records (total so far: 2800000)
2026-05-08 06:08:18 | INFO     | FactTransformer | transform_fact_cart_events_chunked:541 |   Processing chunk 56: 50000 records (total input: 2800000)
2026-05-08 06:08:23 | INFO     | TrackingExtractor | extract_json_gzip_chunked:90 |   Yielding chunk: 50000 records (total so far: 2850000)
2026-05-08 06:08:23 | INFO     | FactTransformer | transform_fact_cart_events_chunked:541 |   Processing chunk 57: 50000 records (total input: 2850000)
2026-05-08 06:08:27 | INFO     | TrackingExtractor | extract_json_gzip_chunked:90 |   Yielding chunk: 50000 records (total so far: 2900000)
2026-05-08 06:08:27 | INFO     | FactTransformer | transform_fact_cart_events_chunked:541 |   Processing chunk 58: 50000 records (total input: 2900000)
2026-05-08 06:08:31 | INFO     | TrackingExtractor | extract_json_gzip_chunked:90 |   Yielding chunk: 50000 records (total so far: 2950000)
2026-05-08 06:08:31 | INFO     | FactTransformer | transform_fact_cart_events_chunked:541 |   Processing chunk 59: 50000 records (total input: 2950000)
2026-05-08 06:08:35 | INFO     | TrackingExtractor | extract_json_gzip_chunked:90 |   Yielding chunk: 50000 records (total so far: 3000000)
2026-05-08 06:08:35 | INFO     | FactTransformer | transform_fact_cart_events_chunked:541 |   Processing chunk 60: 50000 records (total input: 3000000)
2026-05-08 06:08:38 | INFO     | FactTransformer | transform_fact_cart_events_chunked:541 |   Processing chunk 61: 10000 records (total input: 3010000)
2026-05-08 06:08:39 | INFO     | TrackingExtractor | extract_json_gzip_chunked:102 | Chunked extraction complete: 3010000 total records from cart_tracking/cart_events.json.gz
2026-05-08 06:08:39 | INFO     | TrackingExtractor | extract_cart_events_chunked:49 | Chunked cart events extraction complete.
2026-05-08 06:08:40 | INFO     | FactTransformer | check_duplicates:72 | [fact_cart_events] No duplicates found on ['event_key']
2026-05-08 06:08:40 | INFO     | FactTransformer | validate_date_range:116 | [fact_cart_events] Date range for 'event_timestamp': 2025-08-25 23:04:11.545981 to 2025-12-16 17:56:26.615561
2026-05-08 06:08:40 | INFO     | FactTransformer | transform_fact_cart_events_chunked:605 | fact_cart_events (chunked): 3010000 rows
2026-05-08 06:08:40 | INFO     | PipelineOrchestrator | _load_tables:390 | Loading Cart event facts to BigQuery...
2026-05-08 06:08:40 | INFO     | BigQueryLoader | load_dataframe:74 | Loading 3010000 rows into minpyws.techstore_analytics.fact_cart_events (disposition: WRITE_TRUNCATE)...
2026-05-08 06:08:40 | INFO     | BigQueryLoader | load_dataframe:91 |   Partitioning on: event_timestamp
2026-05-08 06:08:40 | INFO     | BigQueryLoader | load_dataframe:98 |   Clustering on: ['customer_id', 'session_id', 'event_type']
2026-05-08 06:09:28 | INFO     | BigQueryLoader | load_dataframe:107 | Successfully loaded 3010000 rows into minpyws.techstore_analytics.fact_cart_events
2026-05-08 06:09:28 | INFO     | PipelineOrchestrator | run_full_pipeline:253 | Phase D complete. [RAM: 1296 MB]
2026-05-08 06:09:28 | INFO     | PipelineOrchestrator | run_full_pipeline:258 | ────────────────────────────────────────
2026-05-08 06:09:28 | INFO     | PipelineOrchestrator | run_full_pipeline:259 | PHASE E: BANK TRANSACTIONS [RAM: 1296 MB]
2026-05-08 06:09:28 | INFO     | PaymentExtractor | extract_mercury_transactions:71 | Starting Mercury transactions extraction...
2026-05-08 06:09:28 | INFO     | PaymentExtractor | extract_json_gzip:22 | Extracting: gs://minpy/mercury/transactions.json.gz
2026-05-08 06:09:33 | INFO     | PaymentExtractor | extract_json_gzip:51 | Extracted 5000 records from mercury/transactions.json.gz
2026-05-08 06:09:33 | INFO     | PaymentExtractor | extract_mercury_transactions:73 | Mercury transactions extraction complete: 5000 transactions
2026-05-08 06:09:33 | INFO     | PaymentExtractor | extract_mercury_accounts:59 | Starting Mercury accounts extraction...
2026-05-08 06:09:33 | INFO     | PaymentExtractor | extract_json_gzip:22 | Extracting: gs://minpy/mercury/accounts.json.gz
2026-05-08 06:09:33 | INFO     | PaymentExtractor | extract_json_gzip:51 | Extracted 3 records from mercury/accounts.json.gz
2026-05-08 06:09:33 | INFO     | PaymentExtractor | extract_mercury_accounts:61 | Mercury accounts extraction complete: 3 accounts
2026-05-08 06:09:33 | INFO     | FactTransformer | transform_fact_bank_transactions:626 | Transforming fact_bank_transactions...
2026-05-08 06:09:34 | INFO     | FactTransformer | check_duplicates:72 | [fact_bank_transactions] No duplicates found on ['transaction_key']
2026-05-08 06:09:34 | INFO     | FactTransformer | validate_date_range:116 | [fact_bank_transactions] Date range for 'transaction_date': 2025-10-08 16:05:19.307379 to 2026-01-06 16:05:19.480106
2026-05-08 06:09:34 | INFO     | FactTransformer | validate_amounts:152 | [fact_bank_transactions] 'amount_vnd' stats: mean=96,216,609, median=680,760, std=577,899,526
2026-05-08 06:09:34 | INFO     | FactTransformer | validate_amounts:152 | [fact_bank_transactions] 'amount_usd' stats: mean=4,009, median=28, std=24,079
2026-05-08 06:09:34 | INFO     | FactTransformer | transform_fact_bank_transactions:719 | fact_bank_transactions: 5000 rows
2026-05-08 06:09:34 | INFO     | PipelineOrchestrator | _load_tables:390 | Loading Bank transaction facts to BigQuery...
2026-05-08 06:09:34 | INFO     | BigQueryLoader | load_dataframe:74 | Loading 5000 rows into minpyws.techstore_analytics.fact_bank_transactions (disposition: WRITE_TRUNCATE)...
2026-05-08 06:09:34 | INFO     | BigQueryLoader | load_dataframe:91 |   Partitioning on: transaction_date
2026-05-08 06:09:43 | INFO     | BigQueryLoader | load_dataframe:107 | Successfully loaded 5000 rows into minpyws.techstore_analytics.fact_bank_transactions
2026-05-08 06:09:43 | INFO     | PipelineOrchestrator | run_full_pipeline:279 | Phase E complete. [RAM: 1297 MB]
2026-05-08 06:09:43 | INFO     | PipelineOrchestrator | run_full_pipeline:288 | ────────────────────────────────────────
2026-05-08 06:09:43 | INFO     | PipelineOrchestrator | run_full_pipeline:289 | PHASE F: AGGREGATES & VIEWS [RAM: 1297 MB]
2026-05-08 06:09:43 | INFO     | PipelineOrchestrator | _step_update_aggregates:418 | Updating customer aggregates...
2026-05-08 06:09:43 | INFO     | DimensionTransformer | update_customer_aggregates:283 | Updating customer aggregates with RFM segmentation...
2026-05-08 06:09:45 | INFO     | DimensionTransformer | _calculate_rfm_segments:379 | RFM Segment Distribution:
2026-05-08 06:09:45 | INFO     | DimensionTransformer | _calculate_rfm_segments:381 |   Champions: 5,414 customers
2026-05-08 06:09:45 | INFO     | DimensionTransformer | _calculate_rfm_segments:381 |   Lost: 3,965 customers
2026-05-08 06:09:45 | INFO     | DimensionTransformer | _calculate_rfm_segments:381 |   About To Sleep: 3,607 customers
2026-05-08 06:09:45 | INFO     | DimensionTransformer | _calculate_rfm_segments:381 |   Hibernating: 2,570 customers
2026-05-08 06:09:45 | INFO     | DimensionTransformer | _calculate_rfm_segments:381 |   Loyal: 2,409 customers
2026-05-08 06:09:45 | INFO     | DimensionTransformer | _calculate_rfm_segments:381 |   New Customer: 2,168 customers
2026-05-08 06:09:45 | INFO     | DimensionTransformer | _calculate_rfm_segments:381 |   Promising: 2,158 customers
2026-05-08 06:09:45 | INFO     | DimensionTransformer | _calculate_rfm_segments:381 |   At Risk: 2,120 customers
2026-05-08 06:09:45 | INFO     | DimensionTransformer | _calculate_rfm_segments:381 |   Potential Loyalist: 2,112 customers
2026-05-08 06:09:45 | INFO     | DimensionTransformer | _calculate_rfm_segments:381 |   Cannot Lose Them: 1,909 customers
2026-05-08 06:09:45 | INFO     | DimensionTransformer | _calculate_rfm_segments:381 |   Need Attention: 1,198 customers
2026-05-08 06:09:45 | INFO     | DimensionTransformer | update_customer_aggregates:311 | Customer aggregates and RFM segmentation updated successfully
2026-05-08 06:09:45 | INFO     | BigQueryLoader | load_dataframe:74 | Loading 100000 rows into minpyws.techstore_analytics.dim_customers (disposition: WRITE_TRUNCATE)...
2026-05-08 06:09:45 | INFO     | BigQueryLoader | load_dataframe:91 |   Partitioning on: created_at
2026-05-08 06:10:00 | INFO     | BigQueryLoader | load_dataframe:107 | Successfully loaded 100000 rows into minpyws.techstore_analytics.dim_customers
2026-05-08 06:10:00 | INFO     | PipelineOrchestrator | _step_update_aggregates:434 | Customer aggregates updated and reloaded
2026-05-08 06:10:00 | INFO     | PipelineOrchestrator | _step_create_views:440 | Creating analytical views...
2026-05-08 06:10:00 | INFO     | BigQueryLoader | create_views:170 | Creating analytical views...
2026-05-08 06:10:01 | INFO     | BigQueryLoader | create_views:181 | Created view: minpyws.techstore_analytics.vw_customer_journey
2026-05-08 06:10:02 | INFO     | BigQueryLoader | create_views:181 | Created view: minpyws.techstore_analytics.vw_cashflow_daily
2026-05-08 06:10:03 | INFO     | BigQueryLoader | create_views:181 | Created view: minpyws.techstore_analytics.vw_payment_status
2026-05-08 06:10:03 | INFO     | PipelineOrchestrator | _print_summary:446 | ============================================================
2026-05-08 06:10:03 | INFO     | PipelineOrchestrator | _print_summary:447 | PIPELINE EXECUTION SUMMARY
2026-05-08 06:10:03 | INFO     | PipelineOrchestrator | _print_summary:448 | ============================================================
2026-05-08 06:10:03 | INFO     | PipelineOrchestrator | _print_summary:449 | Total execution time: 951.7s (15.9min)
2026-05-08 06:10:03 | INFO     | PipelineOrchestrator | _print_summary:450 | 
2026-05-08 06:10:03 | INFO     | PipelineOrchestrator | _print_summary:451 | Tables loaded:
2026-05-08 06:10:03 | INFO     | PipelineOrchestrator | _print_summary:462 |   dim_customers: 100,000 rows
2026-05-08 06:10:03 | INFO     | PipelineOrchestrator | _print_summary:462 |   dim_products: 1,300 rows
2026-05-08 06:10:03 | INFO     | PipelineOrchestrator | _print_summary:462 |   dim_locations: 50 rows
2026-05-08 06:10:03 | INFO     | PipelineOrchestrator | _print_summary:462 |   dim_staff: 0 rows
2026-05-08 06:10:03 | INFO     | PipelineOrchestrator | _print_summary:462 |   dim_date: 1,461 rows
2026-05-08 06:10:03 | INFO     | PipelineOrchestrator | _print_summary:462 |   fact_orders: 704,556 rows
2026-05-08 06:10:03 | INFO     | PipelineOrchestrator | _print_summary:462 |   fact_order_items: 2,099,029 rows
2026-05-08 06:10:03 | INFO     | PipelineOrchestrator | _print_summary:462 |   fact_payments: 106,000 rows
2026-05-08 06:10:03 | INFO     | PipelineOrchestrator | _print_summary:462 |   fact_cart_events: 3,010,000 rows
2026-05-08 06:10:03 | INFO     | PipelineOrchestrator | _print_summary:462 |   fact_bank_transactions: 5,000 rows
2026-05-08 06:10:03 | INFO     | PipelineOrchestrator | _print_summary:470 | 
2026-05-08 06:10:03 | INFO     | PipelineOrchestrator | _print_summary:471 | Data Quality Issues:
2026-05-08 06:10:03 | INFO     | PipelineOrchestrator | _print_summary:473 |   ⚠ fact_orders.customer_id.nulls: 5000
2026-05-08 06:10:03 | INFO     | PipelineOrchestrator | _print_summary:473 |   ⚠ fact_orders.duplicates: 444
2026-05-08 06:10:03 | INFO     | PipelineOrchestrator | _print_summary:475 | 
2026-05-08 06:10:03 | INFO     | PipelineOrchestrator | _print_summary:476 | Views created: vw_customer_journey, vw_cashflow_daily, vw_payment_status
2026-05-08 06:10:03 | INFO     | PipelineOrchestrator | _print_summary:477 | ============================================================
2026-05-08 06:10:03 | INFO     | PipelineOrchestrator | _print_summary:478 | PIPELINE COMPLETED SUCCESSFULLY [RAM: 1298 MB]
2026-05-08 06:10:03 | INFO     | PipelineOrchestrator | _print_summary:479 | ============================================================
2026-05-08 06:11:37 | INFO     | Main | main:53 | Mode: FULL PIPELINE
2026-05-08 06:11:37 | INFO     | PipelineOrchestrator | run_full_pipeline:106 | ============================================================
2026-05-08 06:11:37 | INFO     | PipelineOrchestrator | run_full_pipeline:107 | STARTING FULL ETL PIPELINE (Memory-Optimized)
2026-05-08 06:11:37 | INFO     | PipelineOrchestrator | run_full_pipeline:108 | Timestamp: 2026-05-08T06:11:37.155741
2026-05-08 06:11:37 | INFO     | PipelineOrchestrator | run_full_pipeline:109 | ============================================================
2026-05-08 06:11:37 | INFO     | PipelineOrchestrator | _step_create_dataset:412 | ────────────────────────────────────────
2026-05-08 06:11:37 | INFO     | PipelineOrchestrator | _step_create_dataset:413 | STEP: Creating BigQuery dataset...
2026-05-08 06:11:38 | INFO     | BigQueryLoader | create_dataset_if_not_exists:47 | Dataset 'minpyws.techstore_analytics' already exists
2026-05-08 06:11:38 | INFO     | PipelineOrchestrator | run_full_pipeline:118 | ────────────────────────────────────────
2026-05-08 06:11:38 | INFO     | PipelineOrchestrator | run_full_pipeline:119 | PHASE A: DIMENSIONS [RAM: 117 MB]
2026-05-08 06:11:38 | INFO     | SapoExtractor | extract_customers:36 | Starting customer extraction...
2026-05-08 06:11:38 | INFO     | SapoExtractor | extract_json_gzip_batches:119 | Extracting batch 1/10: shared/customers/customers_batch_0.json.gz
2026-05-08 06:11:38 | INFO     | SapoExtractor | extract_json_gzip:22 | Extracting: gs://minpy/shared/customers/customers_batch_0.json.gz
2026-05-08 06:11:44 | INFO     | SapoExtractor | extract_json_gzip:51 | Extracted 10000 records from shared/customers/customers_batch_0.json.gz
2026-05-08 06:11:44 | INFO     | SapoExtractor | extract_json_gzip_batches:119 | Extracting batch 2/10: shared/customers/customers_batch_1.json.gz
2026-05-08 06:11:44 | INFO     | SapoExtractor | extract_json_gzip:22 | Extracting: gs://minpy/shared/customers/customers_batch_1.json.gz
2026-05-08 06:11:46 | INFO     | SapoExtractor | extract_json_gzip:51 | Extracted 10000 records from shared/customers/customers_batch_1.json.gz
2026-05-08 06:11:46 | INFO     | SapoExtractor | extract_json_gzip_batches:119 | Extracting batch 3/10: shared/customers/customers_batch_2.json.gz
2026-05-08 06:11:46 | INFO     | SapoExtractor | extract_json_gzip:22 | Extracting: gs://minpy/shared/customers/customers_batch_2.json.gz
2026-05-08 06:11:49 | INFO     | SapoExtractor | extract_json_gzip:51 | Extracted 10000 records from shared/customers/customers_batch_2.json.gz
2026-05-08 06:11:49 | INFO     | SapoExtractor | extract_json_gzip_batches:119 | Extracting batch 4/10: shared/customers/customers_batch_3.json.gz
2026-05-08 06:11:49 | INFO     | SapoExtractor | extract_json_gzip:22 | Extracting: gs://minpy/shared/customers/customers_batch_3.json.gz
2026-05-08 06:11:53 | INFO     | SapoExtractor | extract_json_gzip:51 | Extracted 10000 records from shared/customers/customers_batch_3.json.gz
2026-05-08 06:11:53 | INFO     | SapoExtractor | extract_json_gzip_batches:119 | Extracting batch 5/10: shared/customers/customers_batch_4.json.gz
2026-05-08 06:11:53 | INFO     | SapoExtractor | extract_json_gzip:22 | Extracting: gs://minpy/shared/customers/customers_batch_4.json.gz
2026-05-08 06:11:56 | INFO     | SapoExtractor | extract_json_gzip:51 | Extracted 10000 records from shared/customers/customers_batch_4.json.gz
2026-05-08 06:11:56 | INFO     | SapoExtractor | extract_json_gzip_batches:119 | Extracting batch 6/10: shared/customers/customers_batch_5.json.gz
2026-05-08 06:11:56 | INFO     | SapoExtractor | extract_json_gzip:22 | Extracting: gs://minpy/shared/customers/customers_batch_5.json.gz
2026-05-08 06:12:00 | INFO     | SapoExtractor | extract_json_gzip:51 | Extracted 10000 records from shared/customers/customers_batch_5.json.gz
2026-05-08 06:12:00 | INFO     | SapoExtractor | extract_json_gzip_batches:119 | Extracting batch 7/10: shared/customers/customers_batch_6.json.gz
2026-05-08 06:12:00 | INFO     | SapoExtractor | extract_json_gzip:22 | Extracting: gs://minpy/shared/customers/customers_batch_6.json.gz
2026-05-08 06:12:02 | INFO     | SapoExtractor | extract_json_gzip:51 | Extracted 10000 records from shared/customers/customers_batch_6.json.gz
2026-05-08 06:12:02 | INFO     | SapoExtractor | extract_json_gzip_batches:119 | Extracting batch 8/10: shared/customers/customers_batch_7.json.gz
2026-05-08 06:12:02 | INFO     | SapoExtractor | extract_json_gzip:22 | Extracting: gs://minpy/shared/customers/customers_batch_7.json.gz
2026-05-08 06:12:05 | INFO     | SapoExtractor | extract_json_gzip:51 | Extracted 10000 records from shared/customers/customers_batch_7.json.gz
2026-05-08 06:12:05 | INFO     | SapoExtractor | extract_json_gzip_batches:119 | Extracting batch 9/10: shared/customers/customers_batch_8.json.gz
2026-05-08 06:12:05 | INFO     | SapoExtractor | extract_json_gzip:22 | Extracting: gs://minpy/shared/customers/customers_batch_8.json.gz
2026-05-08 06:12:07 | INFO     | SapoExtractor | extract_json_gzip:51 | Extracted 10000 records from shared/customers/customers_batch_8.json.gz
2026-05-08 06:12:07 | INFO     | SapoExtractor | extract_json_gzip_batches:119 | Extracting batch 10/10: shared/customers/customers_batch_9.json.gz
2026-05-08 06:12:07 | INFO     | SapoExtractor | extract_json_gzip:22 | Extracting: gs://minpy/shared/customers/customers_batch_9.json.gz
2026-05-08 06:12:10 | INFO     | SapoExtractor | extract_json_gzip:51 | Extracted 10000 records from shared/customers/customers_batch_9.json.gz
2026-05-08 06:12:10 | INFO     | SapoExtractor | extract_json_gzip_batches:125 | Total records from 10 batches: 100000
2026-05-08 06:12:10 | INFO     | SapoExtractor | extract_customers:42 | Customer extraction complete: 100000 customers
2026-05-08 06:12:10 | INFO     | SapoExtractor | extract_products:52 | Starting products extraction...
2026-05-08 06:12:10 | INFO     | SapoExtractor | extract_json_gzip:22 | Extracting: gs://minpy/shared/products.json.gz
2026-05-08 06:12:11 | INFO     | SapoExtractor | extract_json_gzip:51 | Extracted 1300 records from shared/products.json.gz
2026-05-08 06:12:11 | INFO     | SapoExtractor | extract_products:54 | Products extraction complete: 1300 products
2026-05-08 06:12:11 | INFO     | SapoExtractor | extract_locations:64 | Starting locations extraction...
2026-05-08 06:12:11 | INFO     | SapoExtractor | extract_json_gzip:22 | Extracting: gs://minpy/shared/sapo_locations.json.gz
2026-05-08 06:12:12 | INFO     | SapoExtractor | extract_json_gzip:51 | Extracted 50 records from shared/sapo_locations.json.gz
2026-05-08 06:12:12 | INFO     | SapoExtractor | extract_locations:66 | Locations extraction complete: 50 locations
2026-05-08 06:12:12 | INFO     | SapoExtractor | extract_orders:24 | Starting Sapo orders extraction...
2026-05-08 06:12:12 | INFO     | SapoExtractor | extract_json_gzip:22 | Extracting: gs://minpy/sapo/transactions.json.gz
2026-05-08 06:12:15 | INFO     | SapoExtractor | extract_json_gzip:51 | Extracted 5000 records from sapo/transactions.json.gz
2026-05-08 06:12:15 | INFO     | SapoExtractor | extract_orders:26 | Sapo extraction complete: 5000 orders
2026-05-08 06:12:15 | INFO     | DimensionTransformer | transform_dim_customers:33 | Transforming dim_customers...
2026-05-08 06:12:16 | INFO     | DimensionTransformer | check_duplicates:72 | [dim_customers] No duplicates found on ['customer_id']
2026-05-08 06:12:16 | INFO     | DimensionTransformer | validate_date_range:116 | [dim_customers] Date range for 'created_at': 2023-12-17 19:59:26.237721 to 2025-12-15 19:59:37.375962
2026-05-08 06:12:16 | INFO     | DimensionTransformer | transform_dim_customers:70 | dim_customers: 100000 rows
2026-05-08 06:12:16 | INFO     | DimensionTransformer | transform_dim_products:86 | Transforming dim_products...
2026-05-08 06:12:16 | INFO     | DimensionTransformer | check_duplicates:72 | [dim_products] No duplicates found on ['product_id']
2026-05-08 06:12:16 | INFO     | DimensionTransformer | validate_amounts:152 | [dim_products] 'price_vnd' stats: mean=19,338,538, median=6,850,000, std=26,822,415
2026-05-08 06:12:16 | WARNING  | DimensionTransformer | validate_amounts:161 | [dim_products] Column 'price_vnd': 40 potential outliers (>3σ)
2026-05-08 06:12:16 | INFO     | DimensionTransformer | validate_amounts:152 | [dim_products] 'price_usd' stats: mean=806, median=285, std=1,118
2026-05-08 06:12:16 | WARNING  | DimensionTransformer | validate_amounts:161 | [dim_products] Column 'price_usd': 40 potential outliers (>3σ)
2026-05-08 06:12:16 | INFO     | DimensionTransformer | transform_dim_products:114 | dim_products: 1300 rows
2026-05-08 06:12:16 | INFO     | DimensionTransformer | transform_dim_locations:130 | Transforming dim_locations...
2026-05-08 06:12:16 | INFO     | DimensionTransformer | check_duplicates:72 | [dim_locations] No duplicates found on ['location_id']
2026-05-08 06:12:16 | INFO     | DimensionTransformer | transform_dim_locations:159 | dim_locations: 50 rows
2026-05-08 06:12:16 | INFO     | DimensionTransformer | transform_dim_staff:176 | Transforming dim_staff...
2026-05-08 06:12:16 | WARNING  | DimensionTransformer | transform_dim_staff:207 | No staff data available. Creating empty dim_staff.
2026-05-08 06:12:16 | INFO     | DimensionTransformer | transform_dim_date:230 | Generating dim_date from 2024-01-01 to 2027-12-31...
2026-05-08 06:12:16 | INFO     | DimensionTransformer | transform_dim_date:262 | dim_date: 1461 rows generated
2026-05-08 06:12:16 | INFO     | PipelineOrchestrator | _load_tables:390 | Loading Dimensions to BigQuery...
2026-05-08 06:12:16 | INFO     | BigQueryLoader | load_dataframe:74 | Loading 100000 rows into minpyws.techstore_analytics.dim_customers (disposition: WRITE_TRUNCATE)...
2026-05-08 06:12:16 | INFO     | BigQueryLoader | load_dataframe:91 |   Partitioning on: created_at
2026-05-08 06:12:38 | INFO     | BigQueryLoader | load_dataframe:107 | Successfully loaded 100000 rows into minpyws.techstore_analytics.dim_customers
2026-05-08 06:12:38 | INFO     | BigQueryLoader | load_dataframe:74 | Loading 1300 rows into minpyws.techstore_analytics.dim_products (disposition: WRITE_TRUNCATE)...
2026-05-08 06:12:42 | INFO     | BigQueryLoader | load_dataframe:107 | Successfully loaded 1300 rows into minpyws.techstore_analytics.dim_products
2026-05-08 06:12:42 | INFO     | BigQueryLoader | load_dataframe:74 | Loading 50 rows into minpyws.techstore_analytics.dim_locations (disposition: WRITE_TRUNCATE)...
2026-05-08 06:12:46 | INFO     | BigQueryLoader | load_dataframe:107 | Successfully loaded 50 rows into minpyws.techstore_analytics.dim_locations
2026-05-08 06:12:46 | WARNING  | PipelineOrchestrator | _load_tables:403 | Skipping empty table: dim_staff
2026-05-08 06:12:46 | INFO     | BigQueryLoader | load_dataframe:74 | Loading 1461 rows into minpyws.techstore_analytics.dim_date (disposition: WRITE_TRUNCATE)...
2026-05-08 06:12:52 | INFO     | BigQueryLoader | load_dataframe:107 | Successfully loaded 1461 rows into minpyws.techstore_analytics.dim_date
2026-05-08 06:12:52 | INFO     | PipelineOrchestrator | run_full_pipeline:152 | Phase A complete. [RAM: 197 MB]
2026-05-08 06:12:52 | INFO     | PipelineOrchestrator | run_full_pipeline:158 |   Freed dimension DataFrames [RAM: 195 MB]
2026-05-08 06:12:52 | INFO     | PipelineOrchestrator | run_full_pipeline:163 | ────────────────────────────────────────
2026-05-08 06:12:52 | INFO     | PipelineOrchestrator | run_full_pipeline:164 | PHASE B: ORDER FACTS [RAM: 195 MB]
2026-05-08 06:12:52 | INFO     | ShopifyExtractor | extract_orders:23 | Starting Shopify orders extraction...
2026-05-08 06:12:52 | INFO     | ShopifyExtractor | extract_json_gzip_batches:119 | Extracting batch 1/5: shopify/orders_batch_0.json.gz
2026-05-08 06:12:52 | INFO     | ShopifyExtractor | extract_json_gzip:22 | Extracting: gs://minpy/shopify/orders_batch_0.json.gz
2026-05-08 06:13:05 | INFO     | ShopifyExtractor | extract_json_gzip:51 | Extracted 100000 records from shopify/orders_batch_0.json.gz
2026-05-08 06:13:05 | INFO     | ShopifyExtractor | extract_json_gzip_batches:119 | Extracting batch 2/5: shopify/orders_batch_1.json.gz
2026-05-08 06:13:05 | INFO     | ShopifyExtractor | extract_json_gzip:22 | Extracting: gs://minpy/shopify/orders_batch_1.json.gz
2026-05-08 06:13:14 | INFO     | ShopifyExtractor | extract_json_gzip:51 | Extracted 100000 records from shopify/orders_batch_1.json.gz
2026-05-08 06:13:14 | INFO     | ShopifyExtractor | extract_json_gzip_batches:119 | Extracting batch 3/5: shopify/orders_batch_2.json.gz
2026-05-08 06:13:14 | INFO     | ShopifyExtractor | extract_json_gzip:22 | Extracting: gs://minpy/shopify/orders_batch_2.json.gz
2026-05-08 06:13:24 | INFO     | ShopifyExtractor | extract_json_gzip:51 | Extracted 100000 records from shopify/orders_batch_2.json.gz
2026-05-08 06:13:24 | INFO     | ShopifyExtractor | extract_json_gzip_batches:119 | Extracting batch 4/5: shopify/orders_batch_3.json.gz
2026-05-08 06:13:24 | INFO     | ShopifyExtractor | extract_json_gzip:22 | Extracting: gs://minpy/shopify/orders_batch_3.json.gz
2026-05-08 06:13:33 | INFO     | ShopifyExtractor | extract_json_gzip:51 | Extracted 100000 records from shopify/orders_batch_3.json.gz
2026-05-08 06:13:33 | INFO     | ShopifyExtractor | extract_json_gzip_batches:119 | Extracting batch 5/5: shopify/orders_batch_4.json.gz
2026-05-08 06:13:33 | INFO     | ShopifyExtractor | extract_json_gzip:22 | Extracting: gs://minpy/shopify/orders_batch_4.json.gz
2026-05-08 06:13:43 | INFO     | ShopifyExtractor | extract_json_gzip:51 | Extracted 100000 records from shopify/orders_batch_4.json.gz
2026-05-08 06:13:43 | INFO     | ShopifyExtractor | extract_json_gzip_batches:125 | Total records from 5 batches: 500000
2026-05-08 06:13:43 | INFO     | ShopifyExtractor | extract_orders:29 | Shopify extraction complete: 500000 total orders
2026-05-08 06:13:43 | INFO     | SapoExtractor | extract_online_orders:76 | Starting online orders extraction...
2026-05-08 06:13:43 | INFO     | SapoExtractor | extract_json_gzip:22 | Extracting: gs://minpy/online_orders/online_orders.json.gz
2026-05-08 06:14:27 | INFO     | SapoExtractor | extract_json_gzip:51 | Extracted 200000 records from online_orders/online_orders.json.gz
2026-05-08 06:14:27 | INFO     | SapoExtractor | extract_online_orders:78 | Online orders extraction complete: 200000 orders
2026-05-08 06:14:28 | INFO     | FactTransformer | transform_fact_orders:40 | Transforming fact_orders...
2026-05-08 06:14:28 | INFO     | FactTransformer | transform_fact_orders:45 | Processing 500000 Shopify orders...
2026-05-08 06:14:58 | INFO     | FactTransformer | transform_fact_orders:80 | Processing 5000 Sapo orders...
2026-05-08 06:14:58 | INFO     | FactTransformer | transform_fact_orders:117 | Processing 200000 online orders...
2026-05-08 06:15:13 | INFO     | FactTransformer | transform_fact_orders:160 | Combining orders from all channels...
2026-05-08 06:15:47 | WARNING  | FactTransformer | check_nulls:42 | [fact_orders] Column 'customer_id' has 5000 null values (0.71%)
2026-05-08 06:15:47 | WARNING  | FactTransformer | check_duplicates:66 | [fact_orders] Found 444 duplicate records on ['order_key']. Removing...
2026-05-08 06:15:48 | INFO     | FactTransformer | validate_date_range:116 | [fact_orders] Date range for 'order_date': 2025-01-06 15:48:54.567378 to 2026-01-06 15:49:57.642486
2026-05-08 06:15:48 | INFO     | FactTransformer | validate_amounts:152 | [fact_orders] 'total_vnd' stats: mean=113,237,014, median=78,320,000, std=113,439,581
2026-05-08 06:15:48 | WARNING  | FactTransformer | validate_amounts:161 | [fact_orders] Column 'total_vnd': 11714 potential outliers (>3σ)
2026-05-08 06:15:48 | INFO     | FactTransformer | transform_fact_orders:214 | fact_orders: 704556 rows
2026-05-08 06:15:52 | INFO     | FactTransformer | transform_fact_order_items:238 | Transforming fact_order_items...
2026-05-08 06:15:52 | INFO     | FactTransformer | transform_fact_order_items:251 | Extracting line items from shopify (500000 orders)...
2026-05-08 06:16:30 | INFO     | FactTransformer | transform_fact_order_items:251 | Extracting line items from sapo_pos (5000 orders)...
2026-05-08 06:16:30 | INFO     | FactTransformer | transform_fact_order_items:251 | Extracting line items from online (200000 orders)...
2026-05-08 06:19:04 | INFO     | FactTransformer | validate_amounts:152 | [fact_order_items] 'unit_price_vnd' stats: mean=17,645,212, median=6,000,000, std=23,781,511
2026-05-08 06:19:04 | WARNING  | FactTransformer | validate_amounts:161 | [fact_order_items] Column 'unit_price_vnd': 55802 potential outliers (>3σ)
2026-05-08 06:19:04 | INFO     | FactTransformer | validate_amounts:152 | [fact_order_items] 'line_total_vnd' stats: mean=34,568,156, median=11,400,000, std=52,395,355
2026-05-08 06:19:04 | WARNING  | FactTransformer | validate_amounts:161 | [fact_order_items] Column 'line_total_vnd': 48610 potential outliers (>3σ)
2026-05-08 06:19:04 | INFO     | FactTransformer | transform_fact_order_items:323 | fact_order_items: 2099029 rows
2026-05-08 06:19:35 | INFO     | PipelineOrchestrator | _load_tables:390 | Loading Order facts to BigQuery...
2026-05-08 06:19:35 | INFO     | BigQueryLoader | load_dataframe:74 | Loading 704556 rows into minpyws.techstore_analytics.fact_orders (disposition: WRITE_TRUNCATE)...
2026-05-08 06:19:35 | INFO     | BigQueryLoader | load_dataframe:91 |   Partitioning on: order_date
2026-05-08 06:19:35 | INFO     | BigQueryLoader | load_dataframe:98 |   Clustering on: ['customer_id', 'channel']
2026-05-08 06:20:00 | INFO     | BigQueryLoader | load_dataframe:107 | Successfully loaded 704556 rows into minpyws.techstore_analytics.fact_orders
2026-05-08 06:20:00 | INFO     | BigQueryLoader | load_dataframe:74 | Loading 2099029 rows into minpyws.techstore_analytics.fact_order_items (disposition: WRITE_TRUNCATE)...
2026-05-08 06:20:00 | INFO     | BigQueryLoader | load_dataframe:91 |   Partitioning on: order_date
2026-05-08 06:20:00 | INFO     | BigQueryLoader | load_dataframe:98 |   Clustering on: ['product_id']
2026-05-08 06:20:29 | INFO     | BigQueryLoader | load_dataframe:107 | Successfully loaded 2099029 rows into minpyws.techstore_analytics.fact_order_items
2026-05-08 06:20:29 | INFO     | PipelineOrchestrator | run_full_pipeline:193 | Phase B complete. [RAM: 907 MB]
2026-05-08 06:20:29 | INFO     | PipelineOrchestrator | run_full_pipeline:198 |   Freed fact_order_items [RAM: 575 MB]
2026-05-08 06:20:29 | INFO     | PipelineOrchestrator | run_full_pipeline:203 | ────────────────────────────────────────
2026-05-08 06:20:29 | INFO     | PipelineOrchestrator | run_full_pipeline:204 | PHASE C: PAYMENT FACTS [RAM: 575 MB]
2026-05-08 06:20:29 | INFO     | PaymentExtractor | extract_paypal:23 | Starting PayPal extraction...
2026-05-08 06:20:29 | INFO     | PaymentExtractor | extract_json_gzip:22 | Extracting: gs://minpy/paypal/transactions.json.gz
2026-05-08 06:20:35 | INFO     | PaymentExtractor | extract_json_gzip:51 | Extracted 11000 records from paypal/transactions.json.gz
2026-05-08 06:20:35 | INFO     | PaymentExtractor | extract_paypal:25 | PayPal extraction complete: 11000 transactions
2026-05-08 06:20:35 | INFO     | PaymentExtractor | extract_momo:35 | Starting MoMo extraction...
2026-05-08 06:20:35 | INFO     | PaymentExtractor | extract_json_gzip:22 | Extracting: gs://minpy/momo/transactions.json.gz
2026-05-08 06:20:41 | INFO     | PaymentExtractor | extract_json_gzip:51 | Extracted 40000 records from momo/transactions.json.gz
2026-05-08 06:20:41 | INFO     | PaymentExtractor | extract_momo:37 | MoMo extraction complete: 40000 transactions
2026-05-08 06:20:41 | INFO     | PaymentExtractor | extract_zalopay:47 | Starting ZaloPay extraction...
2026-05-08 06:20:41 | INFO     | PaymentExtractor | extract_json_gzip:22 | Extracting: gs://minpy/zalopay/transactions.json.gz
2026-05-08 06:20:47 | INFO     | PaymentExtractor | extract_json_gzip:51 | Extracted 55000 records from zalopay/transactions.json.gz
2026-05-08 06:20:47 | INFO     | PaymentExtractor | extract_zalopay:49 | ZaloPay extraction complete: 55000 transactions
2026-05-08 06:20:47 | INFO     | FactTransformer | transform_fact_payments:347 | Transforming fact_payments...
2026-05-08 06:20:47 | INFO     | FactTransformer | transform_fact_payments:352 | Processing 11000 PayPal transactions...
2026-05-08 06:20:47 | INFO     | FactTransformer | transform_fact_payments:370 | Processing 40000 MoMo transactions...
2026-05-08 06:20:47 | INFO     | FactTransformer | transform_fact_payments:389 | Processing 55000 ZaloPay transactions...
2026-05-08 06:20:51 | INFO     | FactTransformer | check_duplicates:72 | [fact_payments] No duplicates found on ['payment_key']
2026-05-08 06:20:51 | INFO     | FactTransformer | validate_date_range:116 | [fact_payments] Date range for 'payment_date': 2025-10-07 16:08:22.703760 to 2026-01-06 16:04:09.797116
2026-05-08 06:20:51 | INFO     | FactTransformer | validate_amounts:152 | [fact_payments] 'amount_vnd' stats: mean=4,210,667, median=845,000, std=8,481,488
2026-05-08 06:20:51 | WARNING  | FactTransformer | validate_amounts:161 | [fact_payments] Column 'amount_vnd': 4216 potential outliers (>3σ)
2026-05-08 06:20:51 | INFO     | FactTransformer | transform_fact_payments:443 | fact_payments: 106000 rows
2026-05-08 06:20:51 | INFO     | PipelineOrchestrator | _load_tables:390 | Loading Payment facts to BigQuery...
2026-05-08 06:20:51 | INFO     | BigQueryLoader | load_dataframe:74 | Loading 106000 rows into minpyws.techstore_analytics.fact_payments (disposition: WRITE_TRUNCATE)...
2026-05-08 06:20:51 | INFO     | BigQueryLoader | load_dataframe:91 |   Partitioning on: payment_date
2026-05-08 06:20:51 | INFO     | BigQueryLoader | load_dataframe:98 |   Clustering on: ['customer_id', 'payment_gateway']
2026-05-08 06:20:57 | INFO     | BigQueryLoader | load_dataframe:107 | Successfully loaded 106000 rows into minpyws.techstore_analytics.fact_payments
2026-05-08 06:20:57 | INFO     | PipelineOrchestrator | run_full_pipeline:223 | Phase C complete. [RAM: 592 MB]
2026-05-08 06:20:57 | INFO     | PipelineOrchestrator | run_full_pipeline:232 | ────────────────────────────────────────
2026-05-08 06:20:57 | INFO     | PipelineOrchestrator | run_full_pipeline:233 | PHASE D: CART EVENTS (large file — chunked mode) [RAM: 586 MB]
2026-05-08 06:20:57 | INFO     | FactTransformer | transform_fact_cart_events_chunked:532 | Transforming fact_cart_events (chunked mode)...
2026-05-08 06:20:57 | INFO     | TrackingExtractor | extract_cart_events_chunked:44 | Starting chunked cart events extraction (large file)...
2026-05-08 06:20:57 | INFO     | TrackingExtractor | extract_json_gzip_chunked:67 | Extracting (chunked): gs://minpy/cart_tracking/cart_events.json.gz
2026-05-08 06:21:30 | INFO     | TrackingExtractor | extract_json_gzip_chunked:90 |   Yielding chunk: 50000 records (total so far: 50000)
2026-05-08 06:21:30 | INFO     | FactTransformer | transform_fact_cart_events_chunked:541 |   Processing chunk 1: 50000 records (total input: 50000)
2026-05-08 06:21:33 | INFO     | TrackingExtractor | extract_json_gzip_chunked:90 |   Yielding chunk: 50000 records (total so far: 100000)
2026-05-08 06:21:33 | INFO     | FactTransformer | transform_fact_cart_events_chunked:541 |   Processing chunk 2: 50000 records (total input: 100000)
2026-05-08 06:21:37 | INFO     | TrackingExtractor | extract_json_gzip_chunked:90 |   Yielding chunk: 50000 records (total so far: 150000)
2026-05-08 06:21:37 | INFO     | FactTransformer | transform_fact_cart_events_chunked:541 |   Processing chunk 3: 50000 records (total input: 150000)
2026-05-08 06:21:41 | INFO     | TrackingExtractor | extract_json_gzip_chunked:90 |   Yielding chunk: 50000 records (total so far: 200000)
2026-05-08 06:21:41 | INFO     | FactTransformer | transform_fact_cart_events_chunked:541 |   Processing chunk 4: 50000 records (total input: 200000)
2026-05-08 06:21:45 | INFO     | TrackingExtractor | extract_json_gzip_chunked:90 |   Yielding chunk: 50000 records (total so far: 250000)
2026-05-08 06:21:45 | INFO     | FactTransformer | transform_fact_cart_events_chunked:541 |   Processing chunk 5: 50000 records (total input: 250000)
2026-05-08 06:21:49 | INFO     | TrackingExtractor | extract_json_gzip_chunked:90 |   Yielding chunk: 50000 records (total so far: 300000)
2026-05-08 06:21:49 | INFO     | FactTransformer | transform_fact_cart_events_chunked:541 |   Processing chunk 6: 50000 records (total input: 300000)
2026-05-08 06:21:53 | INFO     | TrackingExtractor | extract_json_gzip_chunked:90 |   Yielding chunk: 50000 records (total so far: 350000)
2026-05-08 06:21:53 | INFO     | FactTransformer | transform_fact_cart_events_chunked:541 |   Processing chunk 7: 50000 records (total input: 350000)
2026-05-08 06:21:57 | INFO     | TrackingExtractor | extract_json_gzip_chunked:90 |   Yielding chunk: 50000 records (total so far: 400000)
2026-05-08 06:21:57 | INFO     | FactTransformer | transform_fact_cart_events_chunked:541 |   Processing chunk 8: 50000 records (total input: 400000)
2026-05-08 06:22:00 | INFO     | TrackingExtractor | extract_json_gzip_chunked:90 |   Yielding chunk: 50000 records (total so far: 450000)
2026-05-08 06:22:00 | INFO     | FactTransformer | transform_fact_cart_events_chunked:541 |   Processing chunk 9: 50000 records (total input: 450000)
2026-05-08 06:22:04 | INFO     | TrackingExtractor | extract_json_gzip_chunked:90 |   Yielding chunk: 50000 records (total so far: 500000)
2026-05-08 06:22:04 | INFO     | FactTransformer | transform_fact_cart_events_chunked:541 |   Processing chunk 10: 50000 records (total input: 500000)
2026-05-08 06:22:08 | INFO     | TrackingExtractor | extract_json_gzip_chunked:90 |   Yielding chunk: 50000 records (total so far: 550000)
2026-05-08 06:22:08 | INFO     | FactTransformer | transform_fact_cart_events_chunked:541 |   Processing chunk 11: 50000 records (total input: 550000)
2026-05-08 06:22:12 | INFO     | TrackingExtractor | extract_json_gzip_chunked:90 |   Yielding chunk: 50000 records (total so far: 600000)
2026-05-08 06:22:12 | INFO     | FactTransformer | transform_fact_cart_events_chunked:541 |   Processing chunk 12: 50000 records (total input: 600000)
2026-05-08 06:22:16 | INFO     | TrackingExtractor | extract_json_gzip_chunked:90 |   Yielding chunk: 50000 records (total so far: 650000)
2026-05-08 06:22:16 | INFO     | FactTransformer | transform_fact_cart_events_chunked:541 |   Processing chunk 13: 50000 records (total input: 650000)
2026-05-08 06:22:20 | INFO     | TrackingExtractor | extract_json_gzip_chunked:90 |   Yielding chunk: 50000 records (total so far: 700000)
2026-05-08 06:22:20 | INFO     | FactTransformer | transform_fact_cart_events_chunked:541 |   Processing chunk 14: 50000 records (total input: 700000)
2026-05-08 06:22:24 | INFO     | TrackingExtractor | extract_json_gzip_chunked:90 |   Yielding chunk: 50000 records (total so far: 750000)
2026-05-08 06:22:24 | INFO     | FactTransformer | transform_fact_cart_events_chunked:541 |   Processing chunk 15: 50000 records (total input: 750000)
2026-05-08 06:22:28 | INFO     | TrackingExtractor | extract_json_gzip_chunked:90 |   Yielding chunk: 50000 records (total so far: 800000)
2026-05-08 06:22:28 | INFO     | FactTransformer | transform_fact_cart_events_chunked:541 |   Processing chunk 16: 50000 records (total input: 800000)
2026-05-08 06:22:31 | INFO     | TrackingExtractor | extract_json_gzip_chunked:90 |   Yielding chunk: 50000 records (total so far: 850000)
2026-05-08 06:22:31 | INFO     | FactTransformer | transform_fact_cart_events_chunked:541 |   Processing chunk 17: 50000 records (total input: 850000)
2026-05-08 06:22:35 | INFO     | TrackingExtractor | extract_json_gzip_chunked:90 |   Yielding chunk: 50000 records (total so far: 900000)
2026-05-08 06:22:35 | INFO     | FactTransformer | transform_fact_cart_events_chunked:541 |   Processing chunk 18: 50000 records (total input: 900000)
2026-05-08 06:22:39 | INFO     | TrackingExtractor | extract_json_gzip_chunked:90 |   Yielding chunk: 50000 records (total so far: 950000)
2026-05-08 06:22:39 | INFO     | FactTransformer | transform_fact_cart_events_chunked:541 |   Processing chunk 19: 50000 records (total input: 950000)
2026-05-08 06:22:43 | INFO     | TrackingExtractor | extract_json_gzip_chunked:90 |   Yielding chunk: 50000 records (total so far: 1000000)
2026-05-08 06:22:43 | INFO     | FactTransformer | transform_fact_cart_events_chunked:541 |   Processing chunk 20: 50000 records (total input: 1000000)
2026-05-08 06:22:47 | INFO     | TrackingExtractor | extract_json_gzip_chunked:90 |   Yielding chunk: 50000 records (total so far: 1050000)
2026-05-08 06:22:47 | INFO     | FactTransformer | transform_fact_cart_events_chunked:541 |   Processing chunk 21: 50000 records (total input: 1050000)
2026-05-08 06:22:51 | INFO     | TrackingExtractor | extract_json_gzip_chunked:90 |   Yielding chunk: 50000 records (total so far: 1100000)
2026-05-08 06:22:51 | INFO     | FactTransformer | transform_fact_cart_events_chunked:541 |   Processing chunk 22: 50000 records (total input: 1100000)
2026-05-08 06:22:54 | INFO     | TrackingExtractor | extract_json_gzip_chunked:90 |   Yielding chunk: 50000 records (total so far: 1150000)
2026-05-08 06:22:54 | INFO     | FactTransformer | transform_fact_cart_events_chunked:541 |   Processing chunk 23: 50000 records (total input: 1150000)
2026-05-08 06:22:58 | INFO     | TrackingExtractor | extract_json_gzip_chunked:90 |   Yielding chunk: 50000 records (total so far: 1200000)
2026-05-08 06:22:58 | INFO     | FactTransformer | transform_fact_cart_events_chunked:541 |   Processing chunk 24: 50000 records (total input: 1200000)
2026-05-08 06:23:02 | INFO     | TrackingExtractor | extract_json_gzip_chunked:90 |   Yielding chunk: 50000 records (total so far: 1250000)
2026-05-08 06:23:02 | INFO     | FactTransformer | transform_fact_cart_events_chunked:541 |   Processing chunk 25: 50000 records (total input: 1250000)
2026-05-08 06:23:06 | INFO     | TrackingExtractor | extract_json_gzip_chunked:90 |   Yielding chunk: 50000 records (total so far: 1300000)
2026-05-08 06:23:06 | INFO     | FactTransformer | transform_fact_cart_events_chunked:541 |   Processing chunk 26: 50000 records (total input: 1300000)
2026-05-08 06:23:10 | INFO     | TrackingExtractor | extract_json_gzip_chunked:90 |   Yielding chunk: 50000 records (total so far: 1350000)
2026-05-08 06:23:10 | INFO     | FactTransformer | transform_fact_cart_events_chunked:541 |   Processing chunk 27: 50000 records (total input: 1350000)
2026-05-08 06:23:14 | INFO     | TrackingExtractor | extract_json_gzip_chunked:90 |   Yielding chunk: 50000 records (total so far: 1400000)
2026-05-08 06:23:14 | INFO     | FactTransformer | transform_fact_cart_events_chunked:541 |   Processing chunk 28: 50000 records (total input: 1400000)
2026-05-08 06:23:17 | INFO     | TrackingExtractor | extract_json_gzip_chunked:90 |   Yielding chunk: 50000 records (total so far: 1450000)
2026-05-08 06:23:17 | INFO     | FactTransformer | transform_fact_cart_events_chunked:541 |   Processing chunk 29: 50000 records (total input: 1450000)
2026-05-08 06:23:21 | INFO     | TrackingExtractor | extract_json_gzip_chunked:90 |   Yielding chunk: 50000 records (total so far: 1500000)
2026-05-08 06:23:21 | INFO     | FactTransformer | transform_fact_cart_events_chunked:541 |   Processing chunk 30: 50000 records (total input: 1500000)
2026-05-08 06:23:25 | INFO     | TrackingExtractor | extract_json_gzip_chunked:90 |   Yielding chunk: 50000 records (total so far: 1550000)
2026-05-08 06:23:25 | INFO     | FactTransformer | transform_fact_cart_events_chunked:541 |   Processing chunk 31: 50000 records (total input: 1550000)
2026-05-08 06:23:29 | INFO     | TrackingExtractor | extract_json_gzip_chunked:90 |   Yielding chunk: 50000 records (total so far: 1600000)
2026-05-08 06:23:29 | INFO     | FactTransformer | transform_fact_cart_events_chunked:541 |   Processing chunk 32: 50000 records (total input: 1600000)
2026-05-08 06:23:33 | INFO     | TrackingExtractor | extract_json_gzip_chunked:90 |   Yielding chunk: 50000 records (total so far: 1650000)
2026-05-08 06:23:33 | INFO     | FactTransformer | transform_fact_cart_events_chunked:541 |   Processing chunk 33: 50000 records (total input: 1650000)
2026-05-08 06:23:37 | INFO     | TrackingExtractor | extract_json_gzip_chunked:90 |   Yielding chunk: 50000 records (total so far: 1700000)
2026-05-08 06:23:37 | INFO     | FactTransformer | transform_fact_cart_events_chunked:541 |   Processing chunk 34: 50000 records (total input: 1700000)
2026-05-08 06:23:40 | INFO     | TrackingExtractor | extract_json_gzip_chunked:90 |   Yielding chunk: 50000 records (total so far: 1750000)
2026-05-08 06:23:40 | INFO     | FactTransformer | transform_fact_cart_events_chunked:541 |   Processing chunk 35: 50000 records (total input: 1750000)
2026-05-08 06:23:44 | INFO     | TrackingExtractor | extract_json_gzip_chunked:90 |   Yielding chunk: 50000 records (total so far: 1800000)
2026-05-08 06:23:44 | INFO     | FactTransformer | transform_fact_cart_events_chunked:541 |   Processing chunk 36: 50000 records (total input: 1800000)
2026-05-08 06:23:48 | INFO     | TrackingExtractor | extract_json_gzip_chunked:90 |   Yielding chunk: 50000 records (total so far: 1850000)
2026-05-08 06:23:48 | INFO     | FactTransformer | transform_fact_cart_events_chunked:541 |   Processing chunk 37: 50000 records (total input: 1850000)
2026-05-08 06:23:52 | INFO     | TrackingExtractor | extract_json_gzip_chunked:90 |   Yielding chunk: 50000 records (total so far: 1900000)
2026-05-08 06:23:52 | INFO     | FactTransformer | transform_fact_cart_events_chunked:541 |   Processing chunk 38: 50000 records (total input: 1900000)
2026-05-08 06:23:56 | INFO     | TrackingExtractor | extract_json_gzip_chunked:90 |   Yielding chunk: 50000 records (total so far: 1950000)
2026-05-08 06:23:56 | INFO     | FactTransformer | transform_fact_cart_events_chunked:541 |   Processing chunk 39: 50000 records (total input: 1950000)
2026-05-08 06:23:59 | INFO     | TrackingExtractor | extract_json_gzip_chunked:90 |   Yielding chunk: 50000 records (total so far: 2000000)
2026-05-08 06:23:59 | INFO     | FactTransformer | transform_fact_cart_events_chunked:541 |   Processing chunk 40: 50000 records (total input: 2000000)
2026-05-08 06:24:03 | INFO     | TrackingExtractor | extract_json_gzip_chunked:90 |   Yielding chunk: 50000 records (total so far: 2050000)
2026-05-08 06:24:03 | INFO     | FactTransformer | transform_fact_cart_events_chunked:541 |   Processing chunk 41: 50000 records (total input: 2050000)
2026-05-08 06:24:07 | INFO     | TrackingExtractor | extract_json_gzip_chunked:90 |   Yielding chunk: 50000 records (total so far: 2100000)
2026-05-08 06:24:07 | INFO     | FactTransformer | transform_fact_cart_events_chunked:541 |   Processing chunk 42: 50000 records (total input: 2100000)
2026-05-08 06:24:11 | INFO     | TrackingExtractor | extract_json_gzip_chunked:90 |   Yielding chunk: 50000 records (total so far: 2150000)
2026-05-08 06:24:11 | INFO     | FactTransformer | transform_fact_cart_events_chunked:541 |   Processing chunk 43: 50000 records (total input: 2150000)
2026-05-08 06:24:15 | INFO     | TrackingExtractor | extract_json_gzip_chunked:90 |   Yielding chunk: 50000 records (total so far: 2200000)
2026-05-08 06:24:15 | INFO     | FactTransformer | transform_fact_cart_events_chunked:541 |   Processing chunk 44: 50000 records (total input: 2200000)
2026-05-08 06:24:19 | INFO     | TrackingExtractor | extract_json_gzip_chunked:90 |   Yielding chunk: 50000 records (total so far: 2250000)
2026-05-08 06:24:19 | INFO     | FactTransformer | transform_fact_cart_events_chunked:541 |   Processing chunk 45: 50000 records (total input: 2250000)
2026-05-08 06:24:22 | INFO     | TrackingExtractor | extract_json_gzip_chunked:90 |   Yielding chunk: 50000 records (total so far: 2300000)
2026-05-08 06:24:22 | INFO     | FactTransformer | transform_fact_cart_events_chunked:541 |   Processing chunk 46: 50000 records (total input: 2300000)
2026-05-08 06:24:26 | INFO     | TrackingExtractor | extract_json_gzip_chunked:90 |   Yielding chunk: 50000 records (total so far: 2350000)
2026-05-08 06:24:26 | INFO     | FactTransformer | transform_fact_cart_events_chunked:541 |   Processing chunk 47: 50000 records (total input: 2350000)
2026-05-08 06:24:30 | INFO     | TrackingExtractor | extract_json_gzip_chunked:90 |   Yielding chunk: 50000 records (total so far: 2400000)
2026-05-08 06:24:30 | INFO     | FactTransformer | transform_fact_cart_events_chunked:541 |   Processing chunk 48: 50000 records (total input: 2400000)
2026-05-08 06:24:34 | INFO     | TrackingExtractor | extract_json_gzip_chunked:90 |   Yielding chunk: 50000 records (total so far: 2450000)
2026-05-08 06:24:34 | INFO     | FactTransformer | transform_fact_cart_events_chunked:541 |   Processing chunk 49: 50000 records (total input: 2450000)
2026-05-08 06:24:38 | INFO     | TrackingExtractor | extract_json_gzip_chunked:90 |   Yielding chunk: 50000 records (total so far: 2500000)
2026-05-08 06:24:38 | INFO     | FactTransformer | transform_fact_cart_events_chunked:541 |   Processing chunk 50: 50000 records (total input: 2500000)
2026-05-08 06:24:41 | INFO     | TrackingExtractor | extract_json_gzip_chunked:90 |   Yielding chunk: 50000 records (total so far: 2550000)
2026-05-08 06:24:41 | INFO     | FactTransformer | transform_fact_cart_events_chunked:541 |   Processing chunk 51: 50000 records (total input: 2550000)
2026-05-08 06:24:45 | INFO     | TrackingExtractor | extract_json_gzip_chunked:90 |   Yielding chunk: 50000 records (total so far: 2600000)
2026-05-08 06:24:45 | INFO     | FactTransformer | transform_fact_cart_events_chunked:541 |   Processing chunk 52: 50000 records (total input: 2600000)
2026-05-08 06:24:49 | INFO     | TrackingExtractor | extract_json_gzip_chunked:90 |   Yielding chunk: 50000 records (total so far: 2650000)
2026-05-08 06:24:49 | INFO     | FactTransformer | transform_fact_cart_events_chunked:541 |   Processing chunk 53: 50000 records (total input: 2650000)
2026-05-08 06:24:53 | INFO     | TrackingExtractor | extract_json_gzip_chunked:90 |   Yielding chunk: 50000 records (total so far: 2700000)
2026-05-08 06:24:53 | INFO     | FactTransformer | transform_fact_cart_events_chunked:541 |   Processing chunk 54: 50000 records (total input: 2700000)
2026-05-08 06:24:57 | INFO     | TrackingExtractor | extract_json_gzip_chunked:90 |   Yielding chunk: 50000 records (total so far: 2750000)
2026-05-08 06:24:57 | INFO     | FactTransformer | transform_fact_cart_events_chunked:541 |   Processing chunk 55: 50000 records (total input: 2750000)
2026-05-08 06:25:01 | INFO     | TrackingExtractor | extract_json_gzip_chunked:90 |   Yielding chunk: 50000 records (total so far: 2800000)
2026-05-08 06:25:01 | INFO     | FactTransformer | transform_fact_cart_events_chunked:541 |   Processing chunk 56: 50000 records (total input: 2800000)
2026-05-08 06:25:05 | INFO     | TrackingExtractor | extract_json_gzip_chunked:90 |   Yielding chunk: 50000 records (total so far: 2850000)
2026-05-08 06:25:05 | INFO     | FactTransformer | transform_fact_cart_events_chunked:541 |   Processing chunk 57: 50000 records (total input: 2850000)
2026-05-08 06:25:09 | INFO     | TrackingExtractor | extract_json_gzip_chunked:90 |   Yielding chunk: 50000 records (total so far: 2900000)
2026-05-08 06:25:09 | INFO     | FactTransformer | transform_fact_cart_events_chunked:541 |   Processing chunk 58: 50000 records (total input: 2900000)
2026-05-08 06:25:13 | INFO     | TrackingExtractor | extract_json_gzip_chunked:90 |   Yielding chunk: 50000 records (total so far: 2950000)
2026-05-08 06:25:13 | INFO     | FactTransformer | transform_fact_cart_events_chunked:541 |   Processing chunk 59: 50000 records (total input: 2950000)
2026-05-08 06:25:16 | INFO     | TrackingExtractor | extract_json_gzip_chunked:90 |   Yielding chunk: 50000 records (total so far: 3000000)
2026-05-08 06:25:16 | INFO     | FactTransformer | transform_fact_cart_events_chunked:541 |   Processing chunk 60: 50000 records (total input: 3000000)
2026-05-08 06:25:20 | INFO     | FactTransformer | transform_fact_cart_events_chunked:541 |   Processing chunk 61: 10000 records (total input: 3010000)
2026-05-08 06:25:20 | INFO     | TrackingExtractor | extract_json_gzip_chunked:102 | Chunked extraction complete: 3010000 total records from cart_tracking/cart_events.json.gz
2026-05-08 06:25:20 | INFO     | TrackingExtractor | extract_cart_events_chunked:49 | Chunked cart events extraction complete.
2026-05-08 06:25:21 | INFO     | FactTransformer | check_duplicates:72 | [fact_cart_events] No duplicates found on ['event_key']
2026-05-08 06:25:21 | INFO     | FactTransformer | validate_date_range:116 | [fact_cart_events] Date range for 'event_timestamp': 2025-08-25 23:04:11.545981 to 2025-12-16 17:56:26.615561
2026-05-08 06:25:21 | INFO     | FactTransformer | transform_fact_cart_events_chunked:605 | fact_cart_events (chunked): 3010000 rows
2026-05-08 06:25:21 | INFO     | PipelineOrchestrator | _load_tables:390 | Loading Cart event facts to BigQuery...
2026-05-08 06:25:21 | INFO     | BigQueryLoader | load_dataframe:74 | Loading 3010000 rows into minpyws.techstore_analytics.fact_cart_events (disposition: WRITE_TRUNCATE)...
2026-05-08 06:25:21 | INFO     | BigQueryLoader | load_dataframe:91 |   Partitioning on: event_timestamp
2026-05-08 06:25:21 | INFO     | BigQueryLoader | load_dataframe:98 |   Clustering on: ['customer_id', 'session_id', 'event_type']
2026-05-08 06:26:05 | INFO     | BigQueryLoader | load_dataframe:107 | Successfully loaded 3010000 rows into minpyws.techstore_analytics.fact_cart_events
2026-05-08 06:26:05 | INFO     | PipelineOrchestrator | run_full_pipeline:253 | Phase D complete. [RAM: 1291 MB]
2026-05-08 06:26:05 | INFO     | PipelineOrchestrator | run_full_pipeline:258 | ────────────────────────────────────────
2026-05-08 06:26:05 | INFO     | PipelineOrchestrator | run_full_pipeline:259 | PHASE E: BANK TRANSACTIONS [RAM: 1291 MB]
2026-05-08 06:26:05 | INFO     | PaymentExtractor | extract_mercury_transactions:71 | Starting Mercury transactions extraction...
2026-05-08 06:26:05 | INFO     | PaymentExtractor | extract_json_gzip:22 | Extracting: gs://minpy/mercury/transactions.json.gz
2026-05-08 06:26:10 | INFO     | PaymentExtractor | extract_json_gzip:51 | Extracted 5000 records from mercury/transactions.json.gz
2026-05-08 06:26:10 | INFO     | PaymentExtractor | extract_mercury_transactions:73 | Mercury transactions extraction complete: 5000 transactions
2026-05-08 06:26:10 | INFO     | PaymentExtractor | extract_mercury_accounts:59 | Starting Mercury accounts extraction...
2026-05-08 06:26:10 | INFO     | PaymentExtractor | extract_json_gzip:22 | Extracting: gs://minpy/mercury/accounts.json.gz
2026-05-08 06:26:10 | INFO     | PaymentExtractor | extract_json_gzip:51 | Extracted 3 records from mercury/accounts.json.gz
2026-05-08 06:26:10 | INFO     | PaymentExtractor | extract_mercury_accounts:61 | Mercury accounts extraction complete: 3 accounts
2026-05-08 06:26:10 | INFO     | FactTransformer | transform_fact_bank_transactions:626 | Transforming fact_bank_transactions...
2026-05-08 06:26:11 | INFO     | FactTransformer | check_duplicates:72 | [fact_bank_transactions] No duplicates found on ['transaction_key']
2026-05-08 06:26:11 | INFO     | FactTransformer | validate_date_range:116 | [fact_bank_transactions] Date range for 'transaction_date': 2025-10-08 16:05:19.307379 to 2026-01-06 16:05:19.480106
2026-05-08 06:26:11 | INFO     | FactTransformer | validate_amounts:152 | [fact_bank_transactions] 'amount_vnd' stats: mean=96,216,609, median=680,760, std=577,899,526
2026-05-08 06:26:11 | INFO     | FactTransformer | validate_amounts:152 | [fact_bank_transactions] 'amount_usd' stats: mean=4,009, median=28, std=24,079
2026-05-08 06:26:11 | INFO     | FactTransformer | transform_fact_bank_transactions:719 | fact_bank_transactions: 5000 rows
2026-05-08 06:26:11 | INFO     | PipelineOrchestrator | _load_tables:390 | Loading Bank transaction facts to BigQuery...
2026-05-08 06:26:11 | INFO     | BigQueryLoader | load_dataframe:74 | Loading 5000 rows into minpyws.techstore_analytics.fact_bank_transactions (disposition: WRITE_TRUNCATE)...
2026-05-08 06:26:11 | INFO     | BigQueryLoader | load_dataframe:91 |   Partitioning on: transaction_date
2026-05-08 06:26:17 | INFO     | BigQueryLoader | load_dataframe:107 | Successfully loaded 5000 rows into minpyws.techstore_analytics.fact_bank_transactions
2026-05-08 06:26:17 | INFO     | PipelineOrchestrator | run_full_pipeline:279 | Phase E complete. [RAM: 1291 MB]
2026-05-08 06:26:17 | INFO     | PipelineOrchestrator | run_full_pipeline:288 | ────────────────────────────────────────
2026-05-08 06:26:17 | INFO     | PipelineOrchestrator | run_full_pipeline:289 | PHASE F: AGGREGATES & VIEWS [RAM: 1291 MB]
2026-05-08 06:26:17 | INFO     | PipelineOrchestrator | _step_update_aggregates:418 | Updating customer aggregates...
2026-05-08 06:26:17 | INFO     | DimensionTransformer | update_customer_aggregates:283 | Updating customer aggregates with RFM segmentation...
2026-05-08 06:26:18 | INFO     | DimensionTransformer | _calculate_rfm_segments:379 | RFM Segment Distribution:
2026-05-08 06:26:18 | INFO     | DimensionTransformer | _calculate_rfm_segments:381 |   Champions: 5,414 customers
2026-05-08 06:26:18 | INFO     | DimensionTransformer | _calculate_rfm_segments:381 |   Lost: 3,965 customers
2026-05-08 06:26:18 | INFO     | DimensionTransformer | _calculate_rfm_segments:381 |   About To Sleep: 3,608 customers
2026-05-08 06:26:18 | INFO     | DimensionTransformer | _calculate_rfm_segments:381 |   Hibernating: 2,570 customers
2026-05-08 06:26:18 | INFO     | DimensionTransformer | _calculate_rfm_segments:381 |   Loyal: 2,409 customers
2026-05-08 06:26:18 | INFO     | DimensionTransformer | _calculate_rfm_segments:381 |   New Customer: 2,167 customers
2026-05-08 06:26:18 | INFO     | DimensionTransformer | _calculate_rfm_segments:381 |   Promising: 2,158 customers
2026-05-08 06:26:18 | INFO     | DimensionTransformer | _calculate_rfm_segments:381 |   At Risk: 2,120 customers
2026-05-08 06:26:18 | INFO     | DimensionTransformer | _calculate_rfm_segments:381 |   Potential Loyalist: 2,113 customers
2026-05-08 06:26:18 | INFO     | DimensionTransformer | _calculate_rfm_segments:381 |   Cannot Lose Them: 1,909 customers
2026-05-08 06:26:18 | INFO     | DimensionTransformer | _calculate_rfm_segments:381 |   Need Attention: 1,197 customers
2026-05-08 06:26:18 | INFO     | DimensionTransformer | update_customer_aggregates:311 | Customer aggregates and RFM segmentation updated successfully
2026-05-08 06:26:18 | INFO     | BigQueryLoader | load_dataframe:74 | Loading 100000 rows into minpyws.techstore_analytics.dim_customers (disposition: WRITE_TRUNCATE)...
2026-05-08 06:26:18 | INFO     | BigQueryLoader | load_dataframe:91 |   Partitioning on: created_at
2026-05-08 06:26:35 | INFO     | BigQueryLoader | load_dataframe:107 | Successfully loaded 100000 rows into minpyws.techstore_analytics.dim_customers
2026-05-08 06:26:35 | INFO     | PipelineOrchestrator | _step_update_aggregates:434 | Customer aggregates updated and reloaded
2026-05-08 06:26:35 | INFO     | PipelineOrchestrator | _step_create_views:440 | Creating analytical views...
2026-05-08 06:26:35 | INFO     | BigQueryLoader | create_views:170 | Creating analytical views...
2026-05-08 06:26:37 | INFO     | BigQueryLoader | create_views:181 | Created view: minpyws.techstore_analytics.vw_customer_journey
2026-05-08 06:26:38 | INFO     | BigQueryLoader | create_views:181 | Created view: minpyws.techstore_analytics.vw_cashflow_daily
2026-05-08 06:26:39 | INFO     | BigQueryLoader | create_views:181 | Created view: minpyws.techstore_analytics.vw_payment_status
2026-05-08 06:26:39 | INFO     | PipelineOrchestrator | _print_summary:446 | ============================================================
2026-05-08 06:26:39 | INFO     | PipelineOrchestrator | _print_summary:447 | PIPELINE EXECUTION SUMMARY
2026-05-08 06:26:39 | INFO     | PipelineOrchestrator | _print_summary:448 | ============================================================
2026-05-08 06:26:39 | INFO     | PipelineOrchestrator | _print_summary:449 | Total execution time: 902.0s (15.0min)
2026-05-08 06:26:39 | INFO     | PipelineOrchestrator | _print_summary:450 | 
2026-05-08 06:26:39 | INFO     | PipelineOrchestrator | _print_summary:451 | Tables loaded:
2026-05-08 06:26:39 | INFO     | PipelineOrchestrator | _print_summary:462 |   dim_customers: 100,000 rows
2026-05-08 06:26:39 | INFO     | PipelineOrchestrator | _print_summary:462 |   dim_products: 1,300 rows
2026-05-08 06:26:39 | INFO     | PipelineOrchestrator | _print_summary:462 |   dim_locations: 50 rows
2026-05-08 06:26:39 | INFO     | PipelineOrchestrator | _print_summary:462 |   dim_staff: 0 rows
2026-05-08 06:26:39 | INFO     | PipelineOrchestrator | _print_summary:462 |   dim_date: 1,461 rows
2026-05-08 06:26:39 | INFO     | PipelineOrchestrator | _print_summary:462 |   fact_orders: 704,556 rows
2026-05-08 06:26:39 | INFO     | PipelineOrchestrator | _print_summary:462 |   fact_order_items: 2,099,029 rows
2026-05-08 06:26:39 | INFO     | PipelineOrchestrator | _print_summary:462 |   fact_payments: 106,000 rows
2026-05-08 06:26:39 | INFO     | PipelineOrchestrator | _print_summary:462 |   fact_cart_events: 3,010,000 rows
2026-05-08 06:26:39 | INFO     | PipelineOrchestrator | _print_summary:462 |   fact_bank_transactions: 5,000 rows
2026-05-08 06:26:39 | INFO     | PipelineOrchestrator | _print_summary:470 | 
2026-05-08 06:26:39 | INFO     | PipelineOrchestrator | _print_summary:471 | Data Quality Issues:
2026-05-08 06:26:39 | INFO     | PipelineOrchestrator | _print_summary:473 |   ⚠ fact_orders.customer_id.nulls: 5000
2026-05-08 06:26:39 | INFO     | PipelineOrchestrator | _print_summary:473 |   ⚠ fact_orders.duplicates: 444
2026-05-08 06:26:39 | INFO     | PipelineOrchestrator | _print_summary:475 | 
2026-05-08 06:26:39 | INFO     | PipelineOrchestrator | _print_summary:476 | Views created: vw_customer_journey, vw_cashflow_daily, vw_payment_status
2026-05-08 06:26:39 | INFO     | PipelineOrchestrator | _print_summary:477 | ============================================================
2026-05-08 06:26:39 | INFO     | PipelineOrchestrator | _print_summary:478 | PIPELINE COMPLETED SUCCESSFULLY [RAM: 1291 MB]
2026-05-08 06:26:39 | INFO     | PipelineOrchestrator | _print_summary:479 | ============================================================
2026-05-08 20:45:08 | INFO     | Main | main:53 | Mode: FULL PIPELINE
2026-05-08 20:45:08 | INFO     | PipelineOrchestrator | run_full_pipeline:106 | ============================================================
2026-05-08 20:45:08 | INFO     | PipelineOrchestrator | run_full_pipeline:107 | STARTING FULL ETL PIPELINE (Memory-Optimized)
2026-05-08 20:45:08 | INFO     | PipelineOrchestrator | run_full_pipeline:108 | Timestamp: 2026-05-08T20:45:08.520277
2026-05-08 20:45:08 | INFO     | PipelineOrchestrator | run_full_pipeline:109 | ============================================================
2026-05-08 20:45:08 | INFO     | PipelineOrchestrator | _step_create_dataset:412 | ────────────────────────────────────────
2026-05-08 20:45:08 | INFO     | PipelineOrchestrator | _step_create_dataset:413 | STEP: Creating BigQuery dataset...
2026-05-08 20:45:10 | INFO     | BigQueryLoader | create_dataset_if_not_exists:47 | Dataset 'minpyws.techstore_analytics' already exists
2026-05-08 20:45:10 | INFO     | PipelineOrchestrator | run_full_pipeline:118 | ────────────────────────────────────────
2026-05-08 20:45:10 | INFO     | PipelineOrchestrator | run_full_pipeline:119 | PHASE A: DIMENSIONS [RAM: 117 MB]
2026-05-08 20:45:10 | INFO     | SapoExtractor | extract_customers:36 | Starting customer extraction...
2026-05-08 20:45:10 | INFO     | SapoExtractor | extract_json_gzip_batches:119 | Extracting batch 1/10: shared/customers/customers_batch_0.json.gz
2026-05-08 20:45:10 | INFO     | SapoExtractor | extract_json_gzip:22 | Extracting: gs://minpy/shared/customers/customers_batch_0.json.gz
2026-05-08 20:45:15 | INFO     | SapoExtractor | extract_json_gzip:51 | Extracted 10000 records from shared/customers/customers_batch_0.json.gz
2026-05-08 20:45:15 | INFO     | SapoExtractor | extract_json_gzip_batches:119 | Extracting batch 2/10: shared/customers/customers_batch_1.json.gz
2026-05-08 20:45:15 | INFO     | SapoExtractor | extract_json_gzip:22 | Extracting: gs://minpy/shared/customers/customers_batch_1.json.gz
2026-05-08 20:45:18 | INFO     | SapoExtractor | extract_json_gzip:51 | Extracted 10000 records from shared/customers/customers_batch_1.json.gz
2026-05-08 20:45:18 | INFO     | SapoExtractor | extract_json_gzip_batches:119 | Extracting batch 3/10: shared/customers/customers_batch_2.json.gz
2026-05-08 20:45:18 | INFO     | SapoExtractor | extract_json_gzip:22 | Extracting: gs://minpy/shared/customers/customers_batch_2.json.gz
2026-05-08 20:45:21 | INFO     | SapoExtractor | extract_json_gzip:51 | Extracted 10000 records from shared/customers/customers_batch_2.json.gz
2026-05-08 20:45:21 | INFO     | SapoExtractor | extract_json_gzip_batches:119 | Extracting batch 4/10: shared/customers/customers_batch_3.json.gz
2026-05-08 20:45:21 | INFO     | SapoExtractor | extract_json_gzip:22 | Extracting: gs://minpy/shared/customers/customers_batch_3.json.gz
2026-05-08 20:45:23 | INFO     | SapoExtractor | extract_json_gzip:51 | Extracted 10000 records from shared/customers/customers_batch_3.json.gz
2026-05-08 20:45:23 | INFO     | SapoExtractor | extract_json_gzip_batches:119 | Extracting batch 5/10: shared/customers/customers_batch_4.json.gz
2026-05-08 20:45:23 | INFO     | SapoExtractor | extract_json_gzip:22 | Extracting: gs://minpy/shared/customers/customers_batch_4.json.gz
2026-05-08 20:45:26 | INFO     | SapoExtractor | extract_json_gzip:51 | Extracted 10000 records from shared/customers/customers_batch_4.json.gz
2026-05-08 20:45:26 | INFO     | SapoExtractor | extract_json_gzip_batches:119 | Extracting batch 6/10: shared/customers/customers_batch_5.json.gz
2026-05-08 20:45:26 | INFO     | SapoExtractor | extract_json_gzip:22 | Extracting: gs://minpy/shared/customers/customers_batch_5.json.gz
2026-05-08 20:45:29 | INFO     | SapoExtractor | extract_json_gzip:51 | Extracted 10000 records from shared/customers/customers_batch_5.json.gz
2026-05-08 20:45:29 | INFO     | SapoExtractor | extract_json_gzip_batches:119 | Extracting batch 7/10: shared/customers/customers_batch_6.json.gz
2026-05-08 20:45:29 | INFO     | SapoExtractor | extract_json_gzip:22 | Extracting: gs://minpy/shared/customers/customers_batch_6.json.gz
2026-05-08 20:45:31 | INFO     | SapoExtractor | extract_json_gzip:51 | Extracted 10000 records from shared/customers/customers_batch_6.json.gz
2026-05-08 20:45:31 | INFO     | SapoExtractor | extract_json_gzip_batches:119 | Extracting batch 8/10: shared/customers/customers_batch_7.json.gz
2026-05-08 20:45:31 | INFO     | SapoExtractor | extract_json_gzip:22 | Extracting: gs://minpy/shared/customers/customers_batch_7.json.gz
2026-05-08 20:45:34 | INFO     | SapoExtractor | extract_json_gzip:51 | Extracted 10000 records from shared/customers/customers_batch_7.json.gz
2026-05-08 20:45:34 | INFO     | SapoExtractor | extract_json_gzip_batches:119 | Extracting batch 9/10: shared/customers/customers_batch_8.json.gz
2026-05-08 20:45:34 | INFO     | SapoExtractor | extract_json_gzip:22 | Extracting: gs://minpy/shared/customers/customers_batch_8.json.gz
2026-05-08 20:45:36 | INFO     | SapoExtractor | extract_json_gzip:51 | Extracted 10000 records from shared/customers/customers_batch_8.json.gz
2026-05-08 20:45:36 | INFO     | SapoExtractor | extract_json_gzip_batches:119 | Extracting batch 10/10: shared/customers/customers_batch_9.json.gz
2026-05-08 20:45:36 | INFO     | SapoExtractor | extract_json_gzip:22 | Extracting: gs://minpy/shared/customers/customers_batch_9.json.gz
2026-05-08 20:45:39 | INFO     | SapoExtractor | extract_json_gzip:51 | Extracted 10000 records from shared/customers/customers_batch_9.json.gz
2026-05-08 20:45:39 | INFO     | SapoExtractor | extract_json_gzip_batches:125 | Total records from 10 batches: 100000
2026-05-08 20:45:39 | INFO     | SapoExtractor | extract_customers:42 | Customer extraction complete: 100000 customers
2026-05-08 20:45:39 | INFO     | SapoExtractor | extract_products:52 | Starting products extraction...
2026-05-08 20:45:39 | INFO     | SapoExtractor | extract_json_gzip:22 | Extracting: gs://minpy/shared/products.json.gz
2026-05-08 20:45:40 | INFO     | SapoExtractor | extract_json_gzip:51 | Extracted 1300 records from shared/products.json.gz
2026-05-08 20:45:40 | INFO     | SapoExtractor | extract_products:54 | Products extraction complete: 1300 products
2026-05-08 20:45:40 | INFO     | SapoExtractor | extract_locations:64 | Starting locations extraction...
2026-05-08 20:45:40 | INFO     | SapoExtractor | extract_json_gzip:22 | Extracting: gs://minpy/shared/sapo_locations.json.gz
2026-05-08 20:45:41 | INFO     | SapoExtractor | extract_json_gzip:51 | Extracted 50 records from shared/sapo_locations.json.gz
2026-05-08 20:45:41 | INFO     | SapoExtractor | extract_locations:66 | Locations extraction complete: 50 locations
2026-05-08 20:45:41 | INFO     | SapoExtractor | extract_orders:24 | Starting Sapo orders extraction...
2026-05-08 20:45:41 | INFO     | SapoExtractor | extract_json_gzip:22 | Extracting: gs://minpy/sapo/transactions.json.gz
2026-05-08 20:45:44 | INFO     | SapoExtractor | extract_json_gzip:51 | Extracted 5000 records from sapo/transactions.json.gz
2026-05-08 20:45:44 | INFO     | SapoExtractor | extract_orders:26 | Sapo extraction complete: 5000 orders
2026-05-08 20:45:44 | INFO     | DimensionTransformer | transform_dim_customers:33 | Transforming dim_customers...
2026-05-08 20:45:45 | INFO     | DimensionTransformer | transform_dim_customers:81 |   Added Unknown/Walk-in customer (ID: -1) for unmatched orders
2026-05-08 20:45:45 | INFO     | DimensionTransformer | check_duplicates:72 | [dim_customers] No duplicates found on ['customer_id']
2026-05-08 20:45:45 | INFO     | DimensionTransformer | validate_date_range:116 | [dim_customers] Date range for 'created_at': 2023-12-17 19:59:26.237721 to 2025-12-15 19:59:37.375962
2026-05-08 20:45:45 | INFO     | DimensionTransformer | transform_dim_customers:88 | dim_customers: 100001 rows
2026-05-08 20:45:45 | INFO     | DimensionTransformer | transform_dim_products:104 | Transforming dim_products...
2026-05-08 20:45:45 | INFO     | DimensionTransformer | check_duplicates:72 | [dim_products] No duplicates found on ['product_id']
2026-05-08 20:45:45 | INFO     | DimensionTransformer | validate_amounts:152 | [dim_products] 'price_vnd' stats: mean=19,338,538, median=6,850,000, std=26,822,415
2026-05-08 20:45:45 | WARNING  | DimensionTransformer | validate_amounts:161 | [dim_products] Column 'price_vnd': 40 potential outliers (>3σ)
2026-05-08 20:45:45 | INFO     | DimensionTransformer | validate_amounts:152 | [dim_products] 'price_usd' stats: mean=806, median=285, std=1,118
2026-05-08 20:45:45 | WARNING  | DimensionTransformer | validate_amounts:161 | [dim_products] Column 'price_usd': 40 potential outliers (>3σ)
2026-05-08 20:45:45 | INFO     | DimensionTransformer | transform_dim_products:132 | dim_products: 1300 rows
2026-05-08 20:45:45 | INFO     | DimensionTransformer | transform_dim_locations:148 | Transforming dim_locations...
2026-05-08 20:45:45 | INFO     | DimensionTransformer | check_duplicates:72 | [dim_locations] No duplicates found on ['location_id']
2026-05-08 20:45:45 | INFO     | DimensionTransformer | transform_dim_locations:177 | dim_locations: 50 rows
2026-05-08 20:45:45 | INFO     | DimensionTransformer | transform_dim_staff:194 | Transforming dim_staff...
2026-05-08 20:45:45 | WARNING  | DimensionTransformer | transform_dim_staff:225 | No staff data available. Creating empty dim_staff.
2026-05-08 20:45:45 | INFO     | DimensionTransformer | transform_dim_date:248 | Generating dim_date from 2024-01-01 to 2027-12-31...
2026-05-08 20:45:45 | INFO     | DimensionTransformer | transform_dim_date:280 | dim_date: 1461 rows generated
2026-05-08 20:45:45 | INFO     | PipelineOrchestrator | _load_tables:390 | Loading Dimensions to BigQuery...
2026-05-08 20:45:45 | INFO     | BigQueryLoader | load_dataframe:74 | Loading 100001 rows into minpyws.techstore_analytics.dim_customers (disposition: WRITE_TRUNCATE)...
2026-05-08 20:45:45 | INFO     | BigQueryLoader | load_dataframe:91 |   Partitioning on: created_at
2026-05-08 20:45:59 | INFO     | BigQueryLoader | load_dataframe:107 | Successfully loaded 100001 rows into minpyws.techstore_analytics.dim_customers
2026-05-08 20:45:59 | INFO     | BigQueryLoader | load_dataframe:74 | Loading 1300 rows into minpyws.techstore_analytics.dim_products (disposition: WRITE_TRUNCATE)...
2026-05-08 20:46:05 | INFO     | BigQueryLoader | load_dataframe:107 | Successfully loaded 1300 rows into minpyws.techstore_analytics.dim_products
2026-05-08 20:46:05 | INFO     | BigQueryLoader | load_dataframe:74 | Loading 50 rows into minpyws.techstore_analytics.dim_locations (disposition: WRITE_TRUNCATE)...
2026-05-08 20:46:10 | INFO     | BigQueryLoader | load_dataframe:107 | Successfully loaded 50 rows into minpyws.techstore_analytics.dim_locations
2026-05-08 20:46:10 | WARNING  | PipelineOrchestrator | _load_tables:403 | Skipping empty table: dim_staff
2026-05-08 20:46:10 | INFO     | BigQueryLoader | load_dataframe:74 | Loading 1461 rows into minpyws.techstore_analytics.dim_date (disposition: WRITE_TRUNCATE)...
2026-05-08 20:46:19 | INFO     | BigQueryLoader | load_dataframe:107 | Successfully loaded 1461 rows into minpyws.techstore_analytics.dim_date
2026-05-08 20:46:19 | INFO     | PipelineOrchestrator | run_full_pipeline:152 | Phase A complete. [RAM: 185 MB]
2026-05-08 20:46:19 | INFO     | PipelineOrchestrator | run_full_pipeline:158 |   Freed dimension DataFrames [RAM: 184 MB]
2026-05-08 20:46:19 | INFO     | PipelineOrchestrator | run_full_pipeline:163 | ────────────────────────────────────────
2026-05-08 20:46:19 | INFO     | PipelineOrchestrator | run_full_pipeline:164 | PHASE B: ORDER FACTS [RAM: 184 MB]
2026-05-08 20:46:20 | INFO     | ShopifyExtractor | extract_orders:23 | Starting Shopify orders extraction...
2026-05-08 20:46:20 | INFO     | ShopifyExtractor | extract_json_gzip_batches:119 | Extracting batch 1/5: shopify/orders_batch_0.json.gz
2026-05-08 20:46:20 | INFO     | ShopifyExtractor | extract_json_gzip:22 | Extracting: gs://minpy/shopify/orders_batch_0.json.gz
2026-05-08 20:46:32 | INFO     | ShopifyExtractor | extract_json_gzip:51 | Extracted 100000 records from shopify/orders_batch_0.json.gz
2026-05-08 20:46:32 | INFO     | ShopifyExtractor | extract_json_gzip_batches:119 | Extracting batch 2/5: shopify/orders_batch_1.json.gz
2026-05-08 20:46:32 | INFO     | ShopifyExtractor | extract_json_gzip:22 | Extracting: gs://minpy/shopify/orders_batch_1.json.gz
2026-05-08 20:46:41 | INFO     | ShopifyExtractor | extract_json_gzip:51 | Extracted 100000 records from shopify/orders_batch_1.json.gz
2026-05-08 20:46:41 | INFO     | ShopifyExtractor | extract_json_gzip_batches:119 | Extracting batch 3/5: shopify/orders_batch_2.json.gz
2026-05-08 20:46:41 | INFO     | ShopifyExtractor | extract_json_gzip:22 | Extracting: gs://minpy/shopify/orders_batch_2.json.gz
2026-05-08 20:46:51 | INFO     | ShopifyExtractor | extract_json_gzip:51 | Extracted 100000 records from shopify/orders_batch_2.json.gz
2026-05-08 20:46:51 | INFO     | ShopifyExtractor | extract_json_gzip_batches:119 | Extracting batch 4/5: shopify/orders_batch_3.json.gz
2026-05-08 20:46:51 | INFO     | ShopifyExtractor | extract_json_gzip:22 | Extracting: gs://minpy/shopify/orders_batch_3.json.gz
2026-05-08 20:47:00 | INFO     | ShopifyExtractor | extract_json_gzip:51 | Extracted 100000 records from shopify/orders_batch_3.json.gz
2026-05-08 20:47:00 | INFO     | ShopifyExtractor | extract_json_gzip_batches:119 | Extracting batch 5/5: shopify/orders_batch_4.json.gz
2026-05-08 20:47:00 | INFO     | ShopifyExtractor | extract_json_gzip:22 | Extracting: gs://minpy/shopify/orders_batch_4.json.gz
2026-05-08 20:47:09 | INFO     | ShopifyExtractor | extract_json_gzip:51 | Extracted 100000 records from shopify/orders_batch_4.json.gz
2026-05-08 20:47:09 | INFO     | ShopifyExtractor | extract_json_gzip_batches:125 | Total records from 5 batches: 500000
2026-05-08 20:47:09 | INFO     | ShopifyExtractor | extract_orders:29 | Shopify extraction complete: 500000 total orders
2026-05-08 20:47:09 | INFO     | SapoExtractor | extract_online_orders:76 | Starting online orders extraction...
2026-05-08 20:47:09 | INFO     | SapoExtractor | extract_json_gzip:22 | Extracting: gs://minpy/online_orders/online_orders.json.gz
2026-05-08 20:47:40 | INFO     | SapoExtractor | extract_json_gzip:51 | Extracted 200000 records from online_orders/online_orders.json.gz
2026-05-08 20:47:40 | INFO     | SapoExtractor | extract_online_orders:78 | Online orders extraction complete: 200000 orders
2026-05-08 20:47:40 | INFO     | FactTransformer | transform_fact_orders:40 | Transforming fact_orders...
2026-05-08 20:47:40 | INFO     | FactTransformer | transform_fact_orders:45 | Processing 500000 Shopify orders...
2026-05-08 20:48:14 | INFO     | FactTransformer | transform_fact_orders:80 | Processing 5000 Sapo orders...
2026-05-08 20:48:14 | INFO     | FactTransformer | transform_fact_orders:117 | Processing 200000 online orders...
2026-05-08 20:48:46 | INFO     | FactTransformer | transform_fact_orders:160 | Combining orders from all channels...
2026-05-08 20:49:23 | INFO     | FactTransformer | transform_fact_orders:201 |   Assigning 5000 null customer_ids to -1 (Unknown/Walk-in)
2026-05-08 20:49:23 | WARNING  | FactTransformer | check_duplicates:66 | [fact_orders] Found 444 duplicate records on ['order_key']. Removing...
2026-05-08 20:49:24 | INFO     | FactTransformer | validate_date_range:116 | [fact_orders] Date range for 'order_date': 2025-01-06 15:48:54.567378 to 2026-01-06 15:49:57.642486
2026-05-08 20:49:24 | INFO     | FactTransformer | validate_amounts:152 | [fact_orders] 'total_vnd' stats: mean=113,237,014, median=78,320,000, std=113,439,581
2026-05-08 20:49:24 | WARNING  | FactTransformer | validate_amounts:161 | [fact_orders] Column 'total_vnd': 11714 potential outliers (>3σ)
2026-05-08 20:49:24 | INFO     | FactTransformer | transform_fact_orders:222 | fact_orders: 704556 rows
2026-05-08 20:49:32 | INFO     | FactTransformer | transform_fact_order_items:246 | Transforming fact_order_items...
2026-05-08 20:49:32 | INFO     | FactTransformer | transform_fact_order_items:259 | Extracting line items from shopify (500000 orders)...
2026-05-08 20:50:15 | INFO     | FactTransformer | transform_fact_order_items:259 | Extracting line items from sapo_pos (5000 orders)...
2026-05-08 20:50:15 | INFO     | FactTransformer | transform_fact_order_items:259 | Extracting line items from online (200000 orders)...
2026-05-08 20:52:39 | INFO     | FactTransformer | validate_amounts:152 | [fact_order_items] 'unit_price_vnd' stats: mean=17,645,212, median=6,000,000, std=23,781,511
2026-05-08 20:52:39 | WARNING  | FactTransformer | validate_amounts:161 | [fact_order_items] Column 'unit_price_vnd': 55802 potential outliers (>3σ)
2026-05-08 20:52:40 | INFO     | FactTransformer | validate_amounts:152 | [fact_order_items] 'line_total_vnd' stats: mean=34,568,156, median=11,400,000, std=52,395,355
2026-05-08 20:52:40 | WARNING  | FactTransformer | validate_amounts:161 | [fact_order_items] Column 'line_total_vnd': 48610 potential outliers (>3σ)
2026-05-08 20:52:40 | INFO     | FactTransformer | transform_fact_order_items:331 | fact_order_items: 2099029 rows
2026-05-08 20:53:08 | INFO     | PipelineOrchestrator | _load_tables:390 | Loading Order facts to BigQuery...
2026-05-08 20:53:08 | INFO     | BigQueryLoader | load_dataframe:74 | Loading 704556 rows into minpyws.techstore_analytics.fact_orders (disposition: WRITE_TRUNCATE)...
2026-05-08 20:53:08 | INFO     | BigQueryLoader | load_dataframe:91 |   Partitioning on: order_date
2026-05-08 20:53:08 | INFO     | BigQueryLoader | load_dataframe:98 |   Clustering on: ['customer_id', 'channel']
2026-05-08 20:53:33 | INFO     | BigQueryLoader | load_dataframe:107 | Successfully loaded 704556 rows into minpyws.techstore_analytics.fact_orders
2026-05-08 20:53:33 | INFO     | BigQueryLoader | load_dataframe:74 | Loading 2099029 rows into minpyws.techstore_analytics.fact_order_items (disposition: WRITE_TRUNCATE)...
2026-05-08 20:53:33 | INFO     | BigQueryLoader | load_dataframe:91 |   Partitioning on: order_date
2026-05-08 20:53:33 | INFO     | BigQueryLoader | load_dataframe:98 |   Clustering on: ['product_id']
2026-05-08 20:54:42 | INFO     | BigQueryLoader | load_dataframe:107 | Successfully loaded 2099029 rows into minpyws.techstore_analytics.fact_order_items
2026-05-08 20:54:42 | INFO     | PipelineOrchestrator | run_full_pipeline:193 | Phase B complete. [RAM: 895 MB]
2026-05-08 20:54:42 | INFO     | PipelineOrchestrator | run_full_pipeline:198 |   Freed fact_order_items [RAM: 565 MB]
2026-05-08 20:54:42 | INFO     | PipelineOrchestrator | run_full_pipeline:203 | ────────────────────────────────────────
2026-05-08 20:54:42 | INFO     | PipelineOrchestrator | run_full_pipeline:204 | PHASE C: PAYMENT FACTS [RAM: 565 MB]
2026-05-08 20:54:42 | INFO     | PaymentExtractor | extract_paypal:23 | Starting PayPal extraction...
2026-05-08 20:54:42 | INFO     | PaymentExtractor | extract_json_gzip:22 | Extracting: gs://minpy/paypal/transactions.json.gz
2026-05-08 20:54:48 | INFO     | PaymentExtractor | extract_json_gzip:51 | Extracted 11000 records from paypal/transactions.json.gz
2026-05-08 20:54:48 | INFO     | PaymentExtractor | extract_paypal:25 | PayPal extraction complete: 11000 transactions
2026-05-08 20:54:48 | INFO     | PaymentExtractor | extract_momo:35 | Starting MoMo extraction...
2026-05-08 20:54:48 | INFO     | PaymentExtractor | extract_json_gzip:22 | Extracting: gs://minpy/momo/transactions.json.gz
2026-05-08 20:54:53 | INFO     | PaymentExtractor | extract_json_gzip:51 | Extracted 40000 records from momo/transactions.json.gz
2026-05-08 20:54:53 | INFO     | PaymentExtractor | extract_momo:37 | MoMo extraction complete: 40000 transactions
2026-05-08 20:54:53 | INFO     | PaymentExtractor | extract_zalopay:47 | Starting ZaloPay extraction...
2026-05-08 20:54:53 | INFO     | PaymentExtractor | extract_json_gzip:22 | Extracting: gs://minpy/zalopay/transactions.json.gz
2026-05-08 20:54:58 | INFO     | PaymentExtractor | extract_json_gzip:51 | Extracted 55000 records from zalopay/transactions.json.gz
2026-05-08 20:54:58 | INFO     | PaymentExtractor | extract_zalopay:49 | ZaloPay extraction complete: 55000 transactions
2026-05-08 20:54:58 | INFO     | FactTransformer | transform_fact_payments:355 | Transforming fact_payments...
2026-05-08 20:54:58 | INFO     | FactTransformer | transform_fact_payments:360 | Processing 11000 PayPal transactions...
2026-05-08 20:54:58 | INFO     | FactTransformer | transform_fact_payments:378 | Processing 40000 MoMo transactions...
2026-05-08 20:54:59 | INFO     | FactTransformer | transform_fact_payments:397 | Processing 55000 ZaloPay transactions...
2026-05-08 20:55:02 | INFO     | FactTransformer | check_duplicates:72 | [fact_payments] No duplicates found on ['payment_key']
2026-05-08 20:55:02 | INFO     | FactTransformer | validate_date_range:116 | [fact_payments] Date range for 'payment_date': 2025-10-07 16:08:22.703760 to 2026-01-06 16:04:09.797116
2026-05-08 20:55:02 | INFO     | FactTransformer | validate_amounts:152 | [fact_payments] 'amount_vnd' stats: mean=4,210,667, median=845,000, std=8,481,488
2026-05-08 20:55:02 | WARNING  | FactTransformer | validate_amounts:161 | [fact_payments] Column 'amount_vnd': 4216 potential outliers (>3σ)
2026-05-08 20:55:02 | INFO     | FactTransformer | transform_fact_payments:451 | fact_payments: 106000 rows
2026-05-08 20:55:03 | INFO     | PipelineOrchestrator | _load_tables:390 | Loading Payment facts to BigQuery...
2026-05-08 20:55:03 | INFO     | BigQueryLoader | load_dataframe:74 | Loading 106000 rows into minpyws.techstore_analytics.fact_payments (disposition: WRITE_TRUNCATE)...
2026-05-08 20:55:03 | INFO     | BigQueryLoader | load_dataframe:91 |   Partitioning on: payment_date
2026-05-08 20:55:03 | INFO     | BigQueryLoader | load_dataframe:98 |   Clustering on: ['customer_id', 'payment_gateway']
2026-05-08 20:55:10 | INFO     | BigQueryLoader | load_dataframe:107 | Successfully loaded 106000 rows into minpyws.techstore_analytics.fact_payments
2026-05-08 20:55:10 | INFO     | PipelineOrchestrator | run_full_pipeline:223 | Phase C complete. [RAM: 587 MB]
2026-05-08 20:55:10 | INFO     | PipelineOrchestrator | run_full_pipeline:232 | ────────────────────────────────────────
2026-05-08 20:55:10 | INFO     | PipelineOrchestrator | run_full_pipeline:233 | PHASE D: CART EVENTS (large file — chunked mode) [RAM: 577 MB]
2026-05-08 20:55:10 | INFO     | FactTransformer | transform_fact_cart_events_chunked:540 | Transforming fact_cart_events (chunked mode)...
2026-05-08 20:55:10 | INFO     | TrackingExtractor | extract_cart_events_chunked:44 | Starting chunked cart events extraction (large file)...
2026-05-08 20:55:10 | INFO     | TrackingExtractor | extract_json_gzip_chunked:67 | Extracting (chunked): gs://minpy/cart_tracking/cart_events.json.gz
2026-05-08 20:55:43 | INFO     | TrackingExtractor | extract_json_gzip_chunked:90 |   Yielding chunk: 50000 records (total so far: 50000)
2026-05-08 20:55:43 | INFO     | FactTransformer | transform_fact_cart_events_chunked:549 |   Processing chunk 1: 50000 records (total input: 50000)
2026-05-08 20:55:47 | INFO     | TrackingExtractor | extract_json_gzip_chunked:90 |   Yielding chunk: 50000 records (total so far: 100000)
2026-05-08 20:55:47 | INFO     | FactTransformer | transform_fact_cart_events_chunked:549 |   Processing chunk 2: 50000 records (total input: 100000)
2026-05-08 20:55:51 | INFO     | TrackingExtractor | extract_json_gzip_chunked:90 |   Yielding chunk: 50000 records (total so far: 150000)
2026-05-08 20:55:51 | INFO     | FactTransformer | transform_fact_cart_events_chunked:549 |   Processing chunk 3: 50000 records (total input: 150000)
2026-05-08 20:55:55 | INFO     | TrackingExtractor | extract_json_gzip_chunked:90 |   Yielding chunk: 50000 records (total so far: 200000)
2026-05-08 20:55:55 | INFO     | FactTransformer | transform_fact_cart_events_chunked:549 |   Processing chunk 4: 50000 records (total input: 200000)
2026-05-08 20:55:59 | INFO     | TrackingExtractor | extract_json_gzip_chunked:90 |   Yielding chunk: 50000 records (total so far: 250000)
2026-05-08 20:55:59 | INFO     | FactTransformer | transform_fact_cart_events_chunked:549 |   Processing chunk 5: 50000 records (total input: 250000)
2026-05-08 20:56:03 | INFO     | TrackingExtractor | extract_json_gzip_chunked:90 |   Yielding chunk: 50000 records (total so far: 300000)
2026-05-08 20:56:03 | INFO     | FactTransformer | transform_fact_cart_events_chunked:549 |   Processing chunk 6: 50000 records (total input: 300000)
2026-05-08 20:56:07 | INFO     | TrackingExtractor | extract_json_gzip_chunked:90 |   Yielding chunk: 50000 records (total so far: 350000)
2026-05-08 20:56:07 | INFO     | FactTransformer | transform_fact_cart_events_chunked:549 |   Processing chunk 7: 50000 records (total input: 350000)
2026-05-08 20:56:11 | INFO     | TrackingExtractor | extract_json_gzip_chunked:90 |   Yielding chunk: 50000 records (total so far: 400000)
2026-05-08 20:56:11 | INFO     | FactTransformer | transform_fact_cart_events_chunked:549 |   Processing chunk 8: 50000 records (total input: 400000)
2026-05-08 20:56:15 | INFO     | TrackingExtractor | extract_json_gzip_chunked:90 |   Yielding chunk: 50000 records (total so far: 450000)
2026-05-08 20:56:15 | INFO     | FactTransformer | transform_fact_cart_events_chunked:549 |   Processing chunk 9: 50000 records (total input: 450000)
2026-05-08 20:56:19 | INFO     | TrackingExtractor | extract_json_gzip_chunked:90 |   Yielding chunk: 50000 records (total so far: 500000)
2026-05-08 20:56:19 | INFO     | FactTransformer | transform_fact_cart_events_chunked:549 |   Processing chunk 10: 50000 records (total input: 500000)
2026-05-08 20:56:23 | INFO     | TrackingExtractor | extract_json_gzip_chunked:90 |   Yielding chunk: 50000 records (total so far: 550000)
2026-05-08 20:56:23 | INFO     | FactTransformer | transform_fact_cart_events_chunked:549 |   Processing chunk 11: 50000 records (total input: 550000)
2026-05-08 20:56:27 | INFO     | TrackingExtractor | extract_json_gzip_chunked:90 |   Yielding chunk: 50000 records (total so far: 600000)
2026-05-08 20:56:27 | INFO     | FactTransformer | transform_fact_cart_events_chunked:549 |   Processing chunk 12: 50000 records (total input: 600000)
2026-05-08 20:56:31 | INFO     | TrackingExtractor | extract_json_gzip_chunked:90 |   Yielding chunk: 50000 records (total so far: 650000)
2026-05-08 20:56:31 | INFO     | FactTransformer | transform_fact_cart_events_chunked:549 |   Processing chunk 13: 50000 records (total input: 650000)
2026-05-08 20:56:35 | INFO     | TrackingExtractor | extract_json_gzip_chunked:90 |   Yielding chunk: 50000 records (total so far: 700000)
2026-05-08 20:56:35 | INFO     | FactTransformer | transform_fact_cart_events_chunked:549 |   Processing chunk 14: 50000 records (total input: 700000)
2026-05-08 20:56:39 | INFO     | TrackingExtractor | extract_json_gzip_chunked:90 |   Yielding chunk: 50000 records (total so far: 750000)
2026-05-08 20:56:39 | INFO     | FactTransformer | transform_fact_cart_events_chunked:549 |   Processing chunk 15: 50000 records (total input: 750000)
2026-05-08 20:56:43 | INFO     | TrackingExtractor | extract_json_gzip_chunked:90 |   Yielding chunk: 50000 records (total so far: 800000)
2026-05-08 20:56:43 | INFO     | FactTransformer | transform_fact_cart_events_chunked:549 |   Processing chunk 16: 50000 records (total input: 800000)
2026-05-08 20:56:47 | INFO     | TrackingExtractor | extract_json_gzip_chunked:90 |   Yielding chunk: 50000 records (total so far: 850000)
2026-05-08 20:56:47 | INFO     | FactTransformer | transform_fact_cart_events_chunked:549 |   Processing chunk 17: 50000 records (total input: 850000)
2026-05-08 20:56:51 | INFO     | TrackingExtractor | extract_json_gzip_chunked:90 |   Yielding chunk: 50000 records (total so far: 900000)
2026-05-08 20:56:51 | INFO     | FactTransformer | transform_fact_cart_events_chunked:549 |   Processing chunk 18: 50000 records (total input: 900000)
2026-05-08 20:56:55 | INFO     | TrackingExtractor | extract_json_gzip_chunked:90 |   Yielding chunk: 50000 records (total so far: 950000)
2026-05-08 20:56:55 | INFO     | FactTransformer | transform_fact_cart_events_chunked:549 |   Processing chunk 19: 50000 records (total input: 950000)
2026-05-08 20:56:59 | INFO     | TrackingExtractor | extract_json_gzip_chunked:90 |   Yielding chunk: 50000 records (total so far: 1000000)
2026-05-08 20:56:59 | INFO     | FactTransformer | transform_fact_cart_events_chunked:549 |   Processing chunk 20: 50000 records (total input: 1000000)
2026-05-08 20:57:03 | INFO     | TrackingExtractor | extract_json_gzip_chunked:90 |   Yielding chunk: 50000 records (total so far: 1050000)
2026-05-08 20:57:03 | INFO     | FactTransformer | transform_fact_cart_events_chunked:549 |   Processing chunk 21: 50000 records (total input: 1050000)
2026-05-08 20:57:07 | INFO     | TrackingExtractor | extract_json_gzip_chunked:90 |   Yielding chunk: 50000 records (total so far: 1100000)
2026-05-08 20:57:07 | INFO     | FactTransformer | transform_fact_cart_events_chunked:549 |   Processing chunk 22: 50000 records (total input: 1100000)
2026-05-08 20:57:11 | INFO     | TrackingExtractor | extract_json_gzip_chunked:90 |   Yielding chunk: 50000 records (total so far: 1150000)
2026-05-08 20:57:11 | INFO     | FactTransformer | transform_fact_cart_events_chunked:549 |   Processing chunk 23: 50000 records (total input: 1150000)
2026-05-08 20:57:15 | INFO     | TrackingExtractor | extract_json_gzip_chunked:90 |   Yielding chunk: 50000 records (total so far: 1200000)
2026-05-08 20:57:15 | INFO     | FactTransformer | transform_fact_cart_events_chunked:549 |   Processing chunk 24: 50000 records (total input: 1200000)
2026-05-08 20:57:19 | INFO     | TrackingExtractor | extract_json_gzip_chunked:90 |   Yielding chunk: 50000 records (total so far: 1250000)
2026-05-08 20:57:19 | INFO     | FactTransformer | transform_fact_cart_events_chunked:549 |   Processing chunk 25: 50000 records (total input: 1250000)
2026-05-08 20:57:23 | INFO     | TrackingExtractor | extract_json_gzip_chunked:90 |   Yielding chunk: 50000 records (total so far: 1300000)
2026-05-08 20:57:23 | INFO     | FactTransformer | transform_fact_cart_events_chunked:549 |   Processing chunk 26: 50000 records (total input: 1300000)
2026-05-08 20:57:27 | INFO     | TrackingExtractor | extract_json_gzip_chunked:90 |   Yielding chunk: 50000 records (total so far: 1350000)
2026-05-08 20:57:27 | INFO     | FactTransformer | transform_fact_cart_events_chunked:549 |   Processing chunk 27: 50000 records (total input: 1350000)
2026-05-08 20:57:30 | INFO     | TrackingExtractor | extract_json_gzip_chunked:90 |   Yielding chunk: 50000 records (total so far: 1400000)
2026-05-08 20:57:30 | INFO     | FactTransformer | transform_fact_cart_events_chunked:549 |   Processing chunk 28: 50000 records (total input: 1400000)
2026-05-08 20:57:34 | INFO     | TrackingExtractor | extract_json_gzip_chunked:90 |   Yielding chunk: 50000 records (total so far: 1450000)
2026-05-08 20:57:34 | INFO     | FactTransformer | transform_fact_cart_events_chunked:549 |   Processing chunk 29: 50000 records (total input: 1450000)
2026-05-08 20:57:38 | INFO     | TrackingExtractor | extract_json_gzip_chunked:90 |   Yielding chunk: 50000 records (total so far: 1500000)
2026-05-08 20:57:38 | INFO     | FactTransformer | transform_fact_cart_events_chunked:549 |   Processing chunk 30: 50000 records (total input: 1500000)
2026-05-08 20:57:42 | INFO     | TrackingExtractor | extract_json_gzip_chunked:90 |   Yielding chunk: 50000 records (total so far: 1550000)
2026-05-08 20:57:42 | INFO     | FactTransformer | transform_fact_cart_events_chunked:549 |   Processing chunk 31: 50000 records (total input: 1550000)
2026-05-08 20:57:47 | INFO     | TrackingExtractor | extract_json_gzip_chunked:90 |   Yielding chunk: 50000 records (total so far: 1600000)
2026-05-08 20:57:47 | INFO     | FactTransformer | transform_fact_cart_events_chunked:549 |   Processing chunk 32: 50000 records (total input: 1600000)
2026-05-08 20:57:51 | INFO     | TrackingExtractor | extract_json_gzip_chunked:90 |   Yielding chunk: 50000 records (total so far: 1650000)
2026-05-08 20:57:51 | INFO     | FactTransformer | transform_fact_cart_events_chunked:549 |   Processing chunk 33: 50000 records (total input: 1650000)
2026-05-08 20:57:55 | INFO     | TrackingExtractor | extract_json_gzip_chunked:90 |   Yielding chunk: 50000 records (total so far: 1700000)
2026-05-08 20:57:55 | INFO     | FactTransformer | transform_fact_cart_events_chunked:549 |   Processing chunk 34: 50000 records (total input: 1700000)
2026-05-08 20:57:59 | INFO     | TrackingExtractor | extract_json_gzip_chunked:90 |   Yielding chunk: 50000 records (total so far: 1750000)
2026-05-08 20:57:59 | INFO     | FactTransformer | transform_fact_cart_events_chunked:549 |   Processing chunk 35: 50000 records (total input: 1750000)
2026-05-08 20:58:03 | INFO     | TrackingExtractor | extract_json_gzip_chunked:90 |   Yielding chunk: 50000 records (total so far: 1800000)
2026-05-08 20:58:03 | INFO     | FactTransformer | transform_fact_cart_events_chunked:549 |   Processing chunk 36: 50000 records (total input: 1800000)
2026-05-08 20:58:06 | INFO     | TrackingExtractor | extract_json_gzip_chunked:90 |   Yielding chunk: 50000 records (total so far: 1850000)
2026-05-08 20:58:06 | INFO     | FactTransformer | transform_fact_cart_events_chunked:549 |   Processing chunk 37: 50000 records (total input: 1850000)
2026-05-08 20:58:10 | INFO     | TrackingExtractor | extract_json_gzip_chunked:90 |   Yielding chunk: 50000 records (total so far: 1900000)
2026-05-08 20:58:10 | INFO     | FactTransformer | transform_fact_cart_events_chunked:549 |   Processing chunk 38: 50000 records (total input: 1900000)
2026-05-08 20:58:14 | INFO     | TrackingExtractor | extract_json_gzip_chunked:90 |   Yielding chunk: 50000 records (total so far: 1950000)
2026-05-08 20:58:14 | INFO     | FactTransformer | transform_fact_cart_events_chunked:549 |   Processing chunk 39: 50000 records (total input: 1950000)
2026-05-08 20:58:18 | INFO     | TrackingExtractor | extract_json_gzip_chunked:90 |   Yielding chunk: 50000 records (total so far: 2000000)
2026-05-08 20:58:18 | INFO     | FactTransformer | transform_fact_cart_events_chunked:549 |   Processing chunk 40: 50000 records (total input: 2000000)
2026-05-08 20:58:22 | INFO     | TrackingExtractor | extract_json_gzip_chunked:90 |   Yielding chunk: 50000 records (total so far: 2050000)
2026-05-08 20:58:22 | INFO     | FactTransformer | transform_fact_cart_events_chunked:549 |   Processing chunk 41: 50000 records (total input: 2050000)
2026-05-08 20:58:26 | INFO     | TrackingExtractor | extract_json_gzip_chunked:90 |   Yielding chunk: 50000 records (total so far: 2100000)
2026-05-08 20:58:26 | INFO     | FactTransformer | transform_fact_cart_events_chunked:549 |   Processing chunk 42: 50000 records (total input: 2100000)
2026-05-08 20:58:30 | INFO     | TrackingExtractor | extract_json_gzip_chunked:90 |   Yielding chunk: 50000 records (total so far: 2150000)
2026-05-08 20:58:30 | INFO     | FactTransformer | transform_fact_cart_events_chunked:549 |   Processing chunk 43: 50000 records (total input: 2150000)
2026-05-08 20:58:34 | INFO     | TrackingExtractor | extract_json_gzip_chunked:90 |   Yielding chunk: 50000 records (total so far: 2200000)
2026-05-08 20:58:34 | INFO     | FactTransformer | transform_fact_cart_events_chunked:549 |   Processing chunk 44: 50000 records (total input: 2200000)
2026-05-08 20:58:38 | INFO     | TrackingExtractor | extract_json_gzip_chunked:90 |   Yielding chunk: 50000 records (total so far: 2250000)
2026-05-08 20:58:38 | INFO     | FactTransformer | transform_fact_cart_events_chunked:549 |   Processing chunk 45: 50000 records (total input: 2250000)
2026-05-08 20:58:42 | INFO     | TrackingExtractor | extract_json_gzip_chunked:90 |   Yielding chunk: 50000 records (total so far: 2300000)
2026-05-08 20:58:42 | INFO     | FactTransformer | transform_fact_cart_events_chunked:549 |   Processing chunk 46: 50000 records (total input: 2300000)
2026-05-08 20:58:46 | INFO     | TrackingExtractor | extract_json_gzip_chunked:90 |   Yielding chunk: 50000 records (total so far: 2350000)
2026-05-08 20:58:46 | INFO     | FactTransformer | transform_fact_cart_events_chunked:549 |   Processing chunk 47: 50000 records (total input: 2350000)
2026-05-08 20:58:50 | INFO     | TrackingExtractor | extract_json_gzip_chunked:90 |   Yielding chunk: 50000 records (total so far: 2400000)
2026-05-08 20:58:50 | INFO     | FactTransformer | transform_fact_cart_events_chunked:549 |   Processing chunk 48: 50000 records (total input: 2400000)
2026-05-08 20:58:54 | INFO     | TrackingExtractor | extract_json_gzip_chunked:90 |   Yielding chunk: 50000 records (total so far: 2450000)
2026-05-08 20:58:54 | INFO     | FactTransformer | transform_fact_cart_events_chunked:549 |   Processing chunk 49: 50000 records (total input: 2450000)
2026-05-08 20:58:58 | INFO     | TrackingExtractor | extract_json_gzip_chunked:90 |   Yielding chunk: 50000 records (total so far: 2500000)
2026-05-08 20:58:58 | INFO     | FactTransformer | transform_fact_cart_events_chunked:549 |   Processing chunk 50: 50000 records (total input: 2500000)
2026-05-08 20:59:02 | INFO     | TrackingExtractor | extract_json_gzip_chunked:90 |   Yielding chunk: 50000 records (total so far: 2550000)
2026-05-08 20:59:02 | INFO     | FactTransformer | transform_fact_cart_events_chunked:549 |   Processing chunk 51: 50000 records (total input: 2550000)
2026-05-08 20:59:06 | INFO     | TrackingExtractor | extract_json_gzip_chunked:90 |   Yielding chunk: 50000 records (total so far: 2600000)
2026-05-08 20:59:06 | INFO     | FactTransformer | transform_fact_cart_events_chunked:549 |   Processing chunk 52: 50000 records (total input: 2600000)
2026-05-08 20:59:10 | INFO     | TrackingExtractor | extract_json_gzip_chunked:90 |   Yielding chunk: 50000 records (total so far: 2650000)
2026-05-08 20:59:10 | INFO     | FactTransformer | transform_fact_cart_events_chunked:549 |   Processing chunk 53: 50000 records (total input: 2650000)
2026-05-08 20:59:14 | INFO     | TrackingExtractor | extract_json_gzip_chunked:90 |   Yielding chunk: 50000 records (total so far: 2700000)
2026-05-08 20:59:14 | INFO     | FactTransformer | transform_fact_cart_events_chunked:549 |   Processing chunk 54: 50000 records (total input: 2700000)
2026-05-08 20:59:18 | INFO     | TrackingExtractor | extract_json_gzip_chunked:90 |   Yielding chunk: 50000 records (total so far: 2750000)
2026-05-08 20:59:18 | INFO     | FactTransformer | transform_fact_cart_events_chunked:549 |   Processing chunk 55: 50000 records (total input: 2750000)
2026-05-08 20:59:22 | INFO     | TrackingExtractor | extract_json_gzip_chunked:90 |   Yielding chunk: 50000 records (total so far: 2800000)
2026-05-08 20:59:22 | INFO     | FactTransformer | transform_fact_cart_events_chunked:549 |   Processing chunk 56: 50000 records (total input: 2800000)
2026-05-08 20:59:26 | INFO     | TrackingExtractor | extract_json_gzip_chunked:90 |   Yielding chunk: 50000 records (total so far: 2850000)
2026-05-08 20:59:26 | INFO     | FactTransformer | transform_fact_cart_events_chunked:549 |   Processing chunk 57: 50000 records (total input: 2850000)
2026-05-08 20:59:30 | INFO     | TrackingExtractor | extract_json_gzip_chunked:90 |   Yielding chunk: 50000 records (total so far: 2900000)
2026-05-08 20:59:30 | INFO     | FactTransformer | transform_fact_cart_events_chunked:549 |   Processing chunk 58: 50000 records (total input: 2900000)
2026-05-08 20:59:34 | INFO     | TrackingExtractor | extract_json_gzip_chunked:90 |   Yielding chunk: 50000 records (total so far: 2950000)
2026-05-08 20:59:34 | INFO     | FactTransformer | transform_fact_cart_events_chunked:549 |   Processing chunk 59: 50000 records (total input: 2950000)
2026-05-08 20:59:37 | INFO     | TrackingExtractor | extract_json_gzip_chunked:90 |   Yielding chunk: 50000 records (total so far: 3000000)
2026-05-08 20:59:37 | INFO     | FactTransformer | transform_fact_cart_events_chunked:549 |   Processing chunk 60: 50000 records (total input: 3000000)
2026-05-08 20:59:41 | INFO     | FactTransformer | transform_fact_cart_events_chunked:549 |   Processing chunk 61: 10000 records (total input: 3010000)
2026-05-08 20:59:41 | INFO     | TrackingExtractor | extract_json_gzip_chunked:102 | Chunked extraction complete: 3010000 total records from cart_tracking/cart_events.json.gz
2026-05-08 20:59:41 | INFO     | TrackingExtractor | extract_cart_events_chunked:49 | Chunked cart events extraction complete.
2026-05-08 20:59:42 | INFO     | FactTransformer | check_duplicates:72 | [fact_cart_events] No duplicates found on ['event_key']
2026-05-08 20:59:42 | INFO     | FactTransformer | validate_date_range:116 | [fact_cart_events] Date range for 'event_timestamp': 2025-08-25 23:04:11.545981 to 2025-12-16 17:56:26.615561
2026-05-08 20:59:42 | INFO     | FactTransformer | transform_fact_cart_events_chunked:613 | fact_cart_events (chunked): 3010000 rows
2026-05-08 20:59:43 | INFO     | PipelineOrchestrator | _load_tables:390 | Loading Cart event facts to BigQuery...
2026-05-08 20:59:43 | INFO     | BigQueryLoader | load_dataframe:74 | Loading 3010000 rows into minpyws.techstore_analytics.fact_cart_events (disposition: WRITE_TRUNCATE)...
2026-05-08 20:59:43 | INFO     | BigQueryLoader | load_dataframe:91 |   Partitioning on: event_timestamp
2026-05-08 20:59:43 | INFO     | BigQueryLoader | load_dataframe:98 |   Clustering on: ['customer_id', 'session_id', 'event_type']
2026-05-08 21:00:33 | INFO     | BigQueryLoader | load_dataframe:107 | Successfully loaded 3010000 rows into minpyws.techstore_analytics.fact_cart_events
2026-05-08 21:00:33 | INFO     | PipelineOrchestrator | run_full_pipeline:253 | Phase D complete. [RAM: 1291 MB]
2026-05-08 21:00:33 | INFO     | PipelineOrchestrator | run_full_pipeline:258 | ────────────────────────────────────────
2026-05-08 21:00:33 | INFO     | PipelineOrchestrator | run_full_pipeline:259 | PHASE E: BANK TRANSACTIONS [RAM: 1291 MB]
2026-05-08 21:00:33 | INFO     | PaymentExtractor | extract_mercury_transactions:71 | Starting Mercury transactions extraction...
2026-05-08 21:00:33 | INFO     | PaymentExtractor | extract_json_gzip:22 | Extracting: gs://minpy/mercury/transactions.json.gz
2026-05-08 21:00:37 | INFO     | PaymentExtractor | extract_json_gzip:51 | Extracted 5000 records from mercury/transactions.json.gz
2026-05-08 21:00:37 | INFO     | PaymentExtractor | extract_mercury_transactions:73 | Mercury transactions extraction complete: 5000 transactions
2026-05-08 21:00:37 | INFO     | PaymentExtractor | extract_mercury_accounts:59 | Starting Mercury accounts extraction...
2026-05-08 21:00:37 | INFO     | PaymentExtractor | extract_json_gzip:22 | Extracting: gs://minpy/mercury/accounts.json.gz
2026-05-08 21:00:38 | INFO     | PaymentExtractor | extract_json_gzip:51 | Extracted 3 records from mercury/accounts.json.gz
2026-05-08 21:00:38 | INFO     | PaymentExtractor | extract_mercury_accounts:61 | Mercury accounts extraction complete: 3 accounts
2026-05-08 21:00:38 | INFO     | FactTransformer | transform_fact_bank_transactions:634 | Transforming fact_bank_transactions...
2026-05-08 21:00:38 | INFO     | FactTransformer | check_duplicates:72 | [fact_bank_transactions] No duplicates found on ['transaction_key']
2026-05-08 21:00:38 | INFO     | FactTransformer | validate_date_range:116 | [fact_bank_transactions] Date range for 'transaction_date': 2025-10-08 16:05:19.307379 to 2026-01-06 16:05:19.480106
2026-05-08 21:00:38 | INFO     | FactTransformer | validate_amounts:152 | [fact_bank_transactions] 'amount_vnd' stats: mean=96,216,609, median=680,760, std=577,899,526
2026-05-08 21:00:38 | INFO     | FactTransformer | validate_amounts:152 | [fact_bank_transactions] 'amount_usd' stats: mean=4,009, median=28, std=24,079
2026-05-08 21:00:38 | INFO     | FactTransformer | transform_fact_bank_transactions:727 | fact_bank_transactions: 5000 rows
2026-05-08 21:00:38 | INFO     | PipelineOrchestrator | _load_tables:390 | Loading Bank transaction facts to BigQuery...
2026-05-08 21:00:38 | INFO     | BigQueryLoader | load_dataframe:74 | Loading 5000 rows into minpyws.techstore_analytics.fact_bank_transactions (disposition: WRITE_TRUNCATE)...
2026-05-08 21:00:38 | INFO     | BigQueryLoader | load_dataframe:91 |   Partitioning on: transaction_date
2026-05-08 21:00:44 | INFO     | BigQueryLoader | load_dataframe:107 | Successfully loaded 5000 rows into minpyws.techstore_analytics.fact_bank_transactions
2026-05-08 21:00:44 | INFO     | PipelineOrchestrator | run_full_pipeline:279 | Phase E complete. [RAM: 1289 MB]
2026-05-08 21:00:44 | INFO     | PipelineOrchestrator | run_full_pipeline:288 | ────────────────────────────────────────
2026-05-08 21:00:44 | INFO     | PipelineOrchestrator | run_full_pipeline:289 | PHASE F: AGGREGATES & VIEWS [RAM: 1289 MB]
2026-05-08 21:00:44 | INFO     | PipelineOrchestrator | _step_update_aggregates:418 | Updating customer aggregates...
2026-05-08 21:00:44 | INFO     | DimensionTransformer | update_customer_aggregates:301 | Updating customer aggregates with RFM segmentation...
2026-05-08 21:00:46 | INFO     | DimensionTransformer | _calculate_rfm_segments:397 | RFM Segment Distribution:
2026-05-08 21:00:46 | INFO     | DimensionTransformer | _calculate_rfm_segments:399 |   Champions: 5,414 customers
2026-05-08 21:00:46 | INFO     | DimensionTransformer | _calculate_rfm_segments:399 |   Lost: 3,959 customers
2026-05-08 21:00:46 | INFO     | DimensionTransformer | _calculate_rfm_segments:399 |   About To Sleep: 3,596 customers
2026-05-08 21:00:46 | INFO     | DimensionTransformer | _calculate_rfm_segments:399 |   Hibernating: 2,574 customers
2026-05-08 21:00:46 | INFO     | DimensionTransformer | _calculate_rfm_segments:399 |   Loyal: 2,404 customers
2026-05-08 21:00:46 | INFO     | DimensionTransformer | _calculate_rfm_segments:399 |   New Customer: 2,173 customers
2026-05-08 21:00:46 | INFO     | DimensionTransformer | _calculate_rfm_segments:399 |   Promising: 2,159 customers
2026-05-08 21:00:46 | INFO     | DimensionTransformer | _calculate_rfm_segments:399 |   At Risk: 2,125 customers
2026-05-08 21:00:46 | INFO     | DimensionTransformer | _calculate_rfm_segments:399 |   Potential Loyalist: 2,107 customers
2026-05-08 21:00:46 | INFO     | DimensionTransformer | _calculate_rfm_segments:399 |   Cannot Lose Them: 1,909 customers
2026-05-08 21:00:46 | INFO     | DimensionTransformer | _calculate_rfm_segments:399 |   Need Attention: 1,211 customers
2026-05-08 21:00:46 | INFO     | DimensionTransformer | update_customer_aggregates:329 | Customer aggregates and RFM segmentation updated successfully
2026-05-08 21:00:46 | INFO     | BigQueryLoader | load_dataframe:74 | Loading 100001 rows into minpyws.techstore_analytics.dim_customers (disposition: WRITE_TRUNCATE)...
2026-05-08 21:00:46 | INFO     | BigQueryLoader | load_dataframe:91 |   Partitioning on: created_at
2026-05-08 21:01:10 | INFO     | BigQueryLoader | load_dataframe:107 | Successfully loaded 100001 rows into minpyws.techstore_analytics.dim_customers
2026-05-08 21:01:10 | INFO     | PipelineOrchestrator | _step_update_aggregates:434 | Customer aggregates updated and reloaded
2026-05-08 21:01:10 | INFO     | PipelineOrchestrator | _step_create_views:440 | Creating analytical views...
2026-05-08 21:01:10 | INFO     | BigQueryLoader | create_views:170 | Creating analytical views...
2026-05-08 21:01:11 | INFO     | BigQueryLoader | create_views:181 | Created view: minpyws.techstore_analytics.vw_customer_journey
2026-05-08 21:01:12 | INFO     | BigQueryLoader | create_views:181 | Created view: minpyws.techstore_analytics.vw_cashflow_daily
2026-05-08 21:01:13 | INFO     | BigQueryLoader | create_views:181 | Created view: minpyws.techstore_analytics.vw_payment_status
2026-05-08 21:01:13 | INFO     | PipelineOrchestrator | _print_summary:446 | ============================================================
2026-05-08 21:01:13 | INFO     | PipelineOrchestrator | _print_summary:447 | PIPELINE EXECUTION SUMMARY
2026-05-08 21:01:13 | INFO     | PipelineOrchestrator | _print_summary:448 | ============================================================
2026-05-08 21:01:13 | INFO     | PipelineOrchestrator | _print_summary:449 | Total execution time: 965.0s (16.1min)
2026-05-08 21:01:13 | INFO     | PipelineOrchestrator | _print_summary:450 | 
2026-05-08 21:01:13 | INFO     | PipelineOrchestrator | _print_summary:451 | Tables loaded:
2026-05-08 21:01:13 | INFO     | PipelineOrchestrator | _print_summary:462 |   dim_customers: 100,001 rows
2026-05-08 21:01:13 | INFO     | PipelineOrchestrator | _print_summary:462 |   dim_products: 1,300 rows
2026-05-08 21:01:13 | INFO     | PipelineOrchestrator | _print_summary:462 |   dim_locations: 50 rows
2026-05-08 21:01:13 | INFO     | PipelineOrchestrator | _print_summary:462 |   dim_staff: 0 rows
2026-05-08 21:01:13 | INFO     | PipelineOrchestrator | _print_summary:462 |   dim_date: 1,461 rows
2026-05-08 21:01:13 | INFO     | PipelineOrchestrator | _print_summary:462 |   fact_orders: 704,556 rows
2026-05-08 21:01:13 | INFO     | PipelineOrchestrator | _print_summary:462 |   fact_order_items: 2,099,029 rows
2026-05-08 21:01:13 | INFO     | PipelineOrchestrator | _print_summary:462 |   fact_payments: 106,000 rows
2026-05-08 21:01:13 | INFO     | PipelineOrchestrator | _print_summary:462 |   fact_cart_events: 3,010,000 rows
2026-05-08 21:01:13 | INFO     | PipelineOrchestrator | _print_summary:462 |   fact_bank_transactions: 5,000 rows
2026-05-08 21:01:13 | INFO     | PipelineOrchestrator | _print_summary:470 | 
2026-05-08 21:01:13 | INFO     | PipelineOrchestrator | _print_summary:471 | Data Quality Issues:
2026-05-08 21:01:13 | INFO     | PipelineOrchestrator | _print_summary:473 |   ⚠ fact_orders.duplicates: 444
2026-05-08 21:01:13 | INFO     | PipelineOrchestrator | _print_summary:475 | 
2026-05-08 21:01:13 | INFO     | PipelineOrchestrator | _print_summary:476 | Views created: vw_customer_journey, vw_cashflow_daily, vw_payment_status
2026-05-08 21:01:13 | INFO     | PipelineOrchestrator | _print_summary:477 | ============================================================
2026-05-08 21:01:13 | INFO     | PipelineOrchestrator | _print_summary:478 | PIPELINE COMPLETED SUCCESSFULLY [RAM: 1296 MB]
2026-05-08 21:01:13 | INFO     | PipelineOrchestrator | _print_summary:479 | ============================================================
2026-05-08 21:31:27 | INFO     | Main | main:53 | Mode: FULL PIPELINE
2026-05-08 21:31:27 | INFO     | PipelineOrchestrator | run_full_pipeline:106 | ============================================================
2026-05-08 21:31:27 | INFO     | PipelineOrchestrator | run_full_pipeline:107 | STARTING FULL ETL PIPELINE (Memory-Optimized)
2026-05-08 21:31:27 | INFO     | PipelineOrchestrator | run_full_pipeline:108 | Timestamp: 2026-05-08T21:31:27.516129
2026-05-08 21:31:27 | INFO     | PipelineOrchestrator | run_full_pipeline:109 | ============================================================
2026-05-08 21:31:27 | INFO     | PipelineOrchestrator | _step_create_dataset:412 | ────────────────────────────────────────
2026-05-08 21:31:27 | INFO     | PipelineOrchestrator | _step_create_dataset:413 | STEP: Creating BigQuery dataset...
2026-05-08 21:31:29 | INFO     | BigQueryLoader | create_dataset_if_not_exists:47 | Dataset 'minpyws.techstore_analytics' already exists
2026-05-08 21:31:29 | INFO     | PipelineOrchestrator | run_full_pipeline:118 | ────────────────────────────────────────
2026-05-08 21:31:29 | INFO     | PipelineOrchestrator | run_full_pipeline:119 | PHASE A: DIMENSIONS [RAM: 117 MB]
2026-05-08 21:31:29 | INFO     | SapoExtractor | extract_customers:36 | Starting customer extraction...
2026-05-08 21:31:29 | INFO     | SapoExtractor | extract_json_gzip_batches:119 | Extracting batch 1/10: shared/customers/customers_batch_0.json.gz
2026-05-08 21:31:29 | INFO     | SapoExtractor | extract_json_gzip:22 | Extracting: gs://minpy/shared/customers/customers_batch_0.json.gz
2026-05-08 21:31:34 | INFO     | SapoExtractor | extract_json_gzip:51 | Extracted 10000 records from shared/customers/customers_batch_0.json.gz
2026-05-08 21:31:34 | INFO     | SapoExtractor | extract_json_gzip_batches:119 | Extracting batch 2/10: shared/customers/customers_batch_1.json.gz
2026-05-08 21:31:34 | INFO     | SapoExtractor | extract_json_gzip:22 | Extracting: gs://minpy/shared/customers/customers_batch_1.json.gz
2026-05-08 21:31:37 | INFO     | SapoExtractor | extract_json_gzip:51 | Extracted 10000 records from shared/customers/customers_batch_1.json.gz
2026-05-08 21:31:37 | INFO     | SapoExtractor | extract_json_gzip_batches:119 | Extracting batch 3/10: shared/customers/customers_batch_2.json.gz
2026-05-08 21:31:37 | INFO     | SapoExtractor | extract_json_gzip:22 | Extracting: gs://minpy/shared/customers/customers_batch_2.json.gz
2026-05-08 21:31:39 | INFO     | SapoExtractor | extract_json_gzip:51 | Extracted 10000 records from shared/customers/customers_batch_2.json.gz
2026-05-08 21:31:39 | INFO     | SapoExtractor | extract_json_gzip_batches:119 | Extracting batch 4/10: shared/customers/customers_batch_3.json.gz
2026-05-08 21:31:39 | INFO     | SapoExtractor | extract_json_gzip:22 | Extracting: gs://minpy/shared/customers/customers_batch_3.json.gz
2026-05-08 21:31:42 | INFO     | SapoExtractor | extract_json_gzip:51 | Extracted 10000 records from shared/customers/customers_batch_3.json.gz
2026-05-08 21:31:42 | INFO     | SapoExtractor | extract_json_gzip_batches:119 | Extracting batch 5/10: shared/customers/customers_batch_4.json.gz
2026-05-08 21:31:42 | INFO     | SapoExtractor | extract_json_gzip:22 | Extracting: gs://minpy/shared/customers/customers_batch_4.json.gz
2026-05-08 21:31:44 | INFO     | SapoExtractor | extract_json_gzip:51 | Extracted 10000 records from shared/customers/customers_batch_4.json.gz
2026-05-08 21:31:44 | INFO     | SapoExtractor | extract_json_gzip_batches:119 | Extracting batch 6/10: shared/customers/customers_batch_5.json.gz
2026-05-08 21:31:44 | INFO     | SapoExtractor | extract_json_gzip:22 | Extracting: gs://minpy/shared/customers/customers_batch_5.json.gz
2026-05-08 21:31:47 | INFO     | SapoExtractor | extract_json_gzip:51 | Extracted 10000 records from shared/customers/customers_batch_5.json.gz
2026-05-08 21:31:47 | INFO     | SapoExtractor | extract_json_gzip_batches:119 | Extracting batch 7/10: shared/customers/customers_batch_6.json.gz
2026-05-08 21:31:47 | INFO     | SapoExtractor | extract_json_gzip:22 | Extracting: gs://minpy/shared/customers/customers_batch_6.json.gz
2026-05-08 21:31:50 | INFO     | SapoExtractor | extract_json_gzip:51 | Extracted 10000 records from shared/customers/customers_batch_6.json.gz
2026-05-08 21:31:50 | INFO     | SapoExtractor | extract_json_gzip_batches:119 | Extracting batch 8/10: shared/customers/customers_batch_7.json.gz
2026-05-08 21:31:50 | INFO     | SapoExtractor | extract_json_gzip:22 | Extracting: gs://minpy/shared/customers/customers_batch_7.json.gz
2026-05-08 21:31:52 | INFO     | SapoExtractor | extract_json_gzip:51 | Extracted 10000 records from shared/customers/customers_batch_7.json.gz
2026-05-08 21:31:52 | INFO     | SapoExtractor | extract_json_gzip_batches:119 | Extracting batch 9/10: shared/customers/customers_batch_8.json.gz
2026-05-08 21:31:52 | INFO     | SapoExtractor | extract_json_gzip:22 | Extracting: gs://minpy/shared/customers/customers_batch_8.json.gz
2026-05-08 21:31:55 | INFO     | SapoExtractor | extract_json_gzip:51 | Extracted 10000 records from shared/customers/customers_batch_8.json.gz
2026-05-08 21:31:55 | INFO     | SapoExtractor | extract_json_gzip_batches:119 | Extracting batch 10/10: shared/customers/customers_batch_9.json.gz
2026-05-08 21:31:55 | INFO     | SapoExtractor | extract_json_gzip:22 | Extracting: gs://minpy/shared/customers/customers_batch_9.json.gz
2026-05-08 21:31:57 | INFO     | SapoExtractor | extract_json_gzip:51 | Extracted 10000 records from shared/customers/customers_batch_9.json.gz
2026-05-08 21:31:57 | INFO     | SapoExtractor | extract_json_gzip_batches:125 | Total records from 10 batches: 100000
2026-05-08 21:31:57 | INFO     | SapoExtractor | extract_customers:42 | Customer extraction complete: 100000 customers
2026-05-08 21:31:57 | INFO     | SapoExtractor | extract_products:52 | Starting products extraction...
2026-05-08 21:31:57 | INFO     | SapoExtractor | extract_json_gzip:22 | Extracting: gs://minpy/shared/products.json.gz
2026-05-08 21:31:58 | INFO     | SapoExtractor | extract_json_gzip:51 | Extracted 1300 records from shared/products.json.gz
2026-05-08 21:31:58 | INFO     | SapoExtractor | extract_products:54 | Products extraction complete: 1300 products
2026-05-08 21:31:58 | INFO     | SapoExtractor | extract_locations:64 | Starting locations extraction...
2026-05-08 21:31:58 | INFO     | SapoExtractor | extract_json_gzip:22 | Extracting: gs://minpy/shared/sapo_locations.json.gz
2026-05-08 21:31:59 | INFO     | SapoExtractor | extract_json_gzip:51 | Extracted 50 records from shared/sapo_locations.json.gz
2026-05-08 21:31:59 | INFO     | SapoExtractor | extract_locations:66 | Locations extraction complete: 50 locations
2026-05-08 21:31:59 | INFO     | SapoExtractor | extract_orders:24 | Starting Sapo orders extraction...
2026-05-08 21:31:59 | INFO     | SapoExtractor | extract_json_gzip:22 | Extracting: gs://minpy/sapo/transactions.json.gz
2026-05-08 21:32:02 | INFO     | SapoExtractor | extract_json_gzip:51 | Extracted 5000 records from sapo/transactions.json.gz
2026-05-08 21:32:02 | INFO     | SapoExtractor | extract_orders:26 | Sapo extraction complete: 5000 orders
2026-05-08 21:32:02 | INFO     | DimensionTransformer | transform_dim_customers:33 | Transforming dim_customers...
2026-05-08 21:32:03 | INFO     | DimensionTransformer | transform_dim_customers:81 |   Added Unknown/Walk-in customer (ID: -1) for unmatched orders
2026-05-08 21:32:03 | INFO     | DimensionTransformer | check_duplicates:72 | [dim_customers] No duplicates found on ['customer_id']
2026-05-08 21:32:03 | INFO     | DimensionTransformer | validate_date_range:116 | [dim_customers] Date range for 'created_at': 2023-12-17 19:59:26.237721 to 2025-12-15 19:59:37.375962
2026-05-08 21:32:03 | INFO     | DimensionTransformer | transform_dim_customers:88 | dim_customers: 100001 rows
2026-05-08 21:32:04 | INFO     | DimensionTransformer | transform_dim_products:104 | Transforming dim_products...
2026-05-08 21:32:04 | INFO     | DimensionTransformer | check_duplicates:72 | [dim_products] No duplicates found on ['product_id']
2026-05-08 21:32:04 | INFO     | DimensionTransformer | validate_amounts:152 | [dim_products] 'price_vnd' stats: mean=19,338,538, median=6,850,000, std=26,822,415
2026-05-08 21:32:04 | WARNING  | DimensionTransformer | validate_amounts:161 | [dim_products] Column 'price_vnd': 40 potential outliers (>3σ)
2026-05-08 21:32:04 | INFO     | DimensionTransformer | validate_amounts:152 | [dim_products] 'price_usd' stats: mean=806, median=285, std=1,118
2026-05-08 21:32:04 | WARNING  | DimensionTransformer | validate_amounts:161 | [dim_products] Column 'price_usd': 40 potential outliers (>3σ)
2026-05-08 21:32:04 | INFO     | DimensionTransformer | transform_dim_products:132 | dim_products: 1300 rows
2026-05-08 21:32:04 | INFO     | DimensionTransformer | transform_dim_locations:148 | Transforming dim_locations...
2026-05-08 21:32:04 | INFO     | DimensionTransformer | check_duplicates:72 | [dim_locations] No duplicates found on ['location_id']
2026-05-08 21:32:04 | INFO     | DimensionTransformer | transform_dim_locations:177 | dim_locations: 50 rows
2026-05-08 21:32:04 | INFO     | DimensionTransformer | transform_dim_staff:194 | Transforming dim_staff...
2026-05-08 21:32:04 | WARNING  | DimensionTransformer | transform_dim_staff:225 | No staff data available. Creating empty dim_staff.
2026-05-08 21:32:04 | INFO     | DimensionTransformer | transform_dim_date:248 | Generating dim_date from 2024-01-01 to 2027-12-31...
2026-05-08 21:32:04 | INFO     | DimensionTransformer | transform_dim_date:280 | dim_date: 1461 rows generated
2026-05-08 21:32:04 | INFO     | PipelineOrchestrator | _load_tables:390 | Loading Dimensions to BigQuery...
2026-05-08 21:32:04 | INFO     | BigQueryLoader | load_dataframe:74 | Loading 100001 rows into minpyws.techstore_analytics.dim_customers (disposition: WRITE_TRUNCATE)...
2026-05-08 21:32:04 | INFO     | BigQueryLoader | load_dataframe:91 |   Partitioning on: created_at
2026-05-08 21:32:27 | INFO     | BigQueryLoader | load_dataframe:107 | Successfully loaded 100001 rows into minpyws.techstore_analytics.dim_customers
2026-05-08 21:32:27 | INFO     | BigQueryLoader | load_dataframe:74 | Loading 1300 rows into minpyws.techstore_analytics.dim_products (disposition: WRITE_TRUNCATE)...
2026-05-08 21:32:31 | INFO     | BigQueryLoader | load_dataframe:107 | Successfully loaded 1300 rows into minpyws.techstore_analytics.dim_products
2026-05-08 21:32:31 | INFO     | BigQueryLoader | load_dataframe:74 | Loading 50 rows into minpyws.techstore_analytics.dim_locations (disposition: WRITE_TRUNCATE)...
2026-05-08 21:32:35 | INFO     | BigQueryLoader | load_dataframe:107 | Successfully loaded 50 rows into minpyws.techstore_analytics.dim_locations
2026-05-08 21:32:35 | WARNING  | PipelineOrchestrator | _load_tables:403 | Skipping empty table: dim_staff
2026-05-08 21:32:35 | INFO     | BigQueryLoader | load_dataframe:74 | Loading 1461 rows into minpyws.techstore_analytics.dim_date (disposition: WRITE_TRUNCATE)...
2026-05-08 21:32:39 | INFO     | BigQueryLoader | load_dataframe:107 | Successfully loaded 1461 rows into minpyws.techstore_analytics.dim_date
2026-05-08 21:32:39 | INFO     | PipelineOrchestrator | run_full_pipeline:152 | Phase A complete. [RAM: 185 MB]
2026-05-08 21:32:40 | INFO     | PipelineOrchestrator | run_full_pipeline:158 |   Freed dimension DataFrames [RAM: 183 MB]
2026-05-08 21:32:40 | INFO     | PipelineOrchestrator | run_full_pipeline:163 | ────────────────────────────────────────
2026-05-08 21:32:40 | INFO     | PipelineOrchestrator | run_full_pipeline:164 | PHASE B: ORDER FACTS [RAM: 183 MB]
2026-05-08 21:32:40 | INFO     | ShopifyExtractor | extract_orders:23 | Starting Shopify orders extraction...
2026-05-08 21:32:40 | INFO     | ShopifyExtractor | extract_json_gzip_batches:119 | Extracting batch 1/5: shopify/orders_batch_0.json.gz
2026-05-08 21:32:40 | INFO     | ShopifyExtractor | extract_json_gzip:22 | Extracting: gs://minpy/shopify/orders_batch_0.json.gz
2026-05-08 21:32:54 | INFO     | ShopifyExtractor | extract_json_gzip:51 | Extracted 100000 records from shopify/orders_batch_0.json.gz
2026-05-08 21:32:54 | INFO     | ShopifyExtractor | extract_json_gzip_batches:119 | Extracting batch 2/5: shopify/orders_batch_1.json.gz
2026-05-08 21:32:54 | INFO     | ShopifyExtractor | extract_json_gzip:22 | Extracting: gs://minpy/shopify/orders_batch_1.json.gz
2026-05-08 21:33:09 | INFO     | ShopifyExtractor | extract_json_gzip:51 | Extracted 100000 records from shopify/orders_batch_1.json.gz
2026-05-08 21:33:09 | INFO     | ShopifyExtractor | extract_json_gzip_batches:119 | Extracting batch 3/5: shopify/orders_batch_2.json.gz
2026-05-08 21:33:09 | INFO     | ShopifyExtractor | extract_json_gzip:22 | Extracting: gs://minpy/shopify/orders_batch_2.json.gz
2026-05-08 21:33:24 | INFO     | ShopifyExtractor | extract_json_gzip:51 | Extracted 100000 records from shopify/orders_batch_2.json.gz
2026-05-08 21:33:24 | INFO     | ShopifyExtractor | extract_json_gzip_batches:119 | Extracting batch 4/5: shopify/orders_batch_3.json.gz
2026-05-08 21:33:24 | INFO     | ShopifyExtractor | extract_json_gzip:22 | Extracting: gs://minpy/shopify/orders_batch_3.json.gz
2026-05-08 21:33:36 | INFO     | ShopifyExtractor | extract_json_gzip:51 | Extracted 100000 records from shopify/orders_batch_3.json.gz
2026-05-08 21:33:36 | INFO     | ShopifyExtractor | extract_json_gzip_batches:119 | Extracting batch 5/5: shopify/orders_batch_4.json.gz
2026-05-08 21:33:36 | INFO     | ShopifyExtractor | extract_json_gzip:22 | Extracting: gs://minpy/shopify/orders_batch_4.json.gz
2026-05-08 21:33:49 | INFO     | ShopifyExtractor | extract_json_gzip:51 | Extracted 100000 records from shopify/orders_batch_4.json.gz
2026-05-08 21:33:49 | INFO     | ShopifyExtractor | extract_json_gzip_batches:125 | Total records from 5 batches: 500000
2026-05-08 21:33:49 | INFO     | ShopifyExtractor | extract_orders:29 | Shopify extraction complete: 500000 total orders
2026-05-08 21:33:49 | INFO     | SapoExtractor | extract_online_orders:76 | Starting online orders extraction...
2026-05-08 21:33:49 | INFO     | SapoExtractor | extract_json_gzip:22 | Extracting: gs://minpy/online_orders/online_orders.json.gz
2026-05-08 21:34:48 | ERROR    | PipelineOrchestrator | run_full_pipeline:299 | PIPELINE FAILED after 200.9s: Insufficient memory for buffer allocation
2026-05-08 21:34:48 | ERROR    | Main | main:91 | Pipeline failed: Insufficient memory for buffer allocation
2026-05-08 21:38:53 | INFO     | Main | main:53 | Mode: FULL PIPELINE
2026-05-08 21:38:53 | INFO     | PipelineOrchestrator | run_full_pipeline:106 | ============================================================
2026-05-08 21:38:53 | INFO     | PipelineOrchestrator | run_full_pipeline:107 | STARTING FULL ETL PIPELINE (Memory-Optimized)
2026-05-08 21:38:53 | INFO     | PipelineOrchestrator | run_full_pipeline:108 | Timestamp: 2026-05-08T21:38:53.802136
2026-05-08 21:38:53 | INFO     | PipelineOrchestrator | run_full_pipeline:109 | ============================================================
2026-05-08 21:38:53 | INFO     | PipelineOrchestrator | _step_create_dataset:412 | ────────────────────────────────────────
2026-05-08 21:38:53 | INFO     | PipelineOrchestrator | _step_create_dataset:413 | STEP: Creating BigQuery dataset...
2026-05-08 21:38:55 | INFO     | BigQueryLoader | create_dataset_if_not_exists:47 | Dataset 'minpyws.techstore_analytics' already exists
2026-05-08 21:38:55 | INFO     | PipelineOrchestrator | run_full_pipeline:118 | ────────────────────────────────────────
2026-05-08 21:38:55 | INFO     | PipelineOrchestrator | run_full_pipeline:119 | PHASE A: DIMENSIONS [RAM: 117 MB]
2026-05-08 21:38:55 | INFO     | SapoExtractor | extract_customers:36 | Starting customer extraction...
2026-05-08 21:38:55 | INFO     | SapoExtractor | extract_json_gzip_batches:119 | Extracting batch 1/10: shared/customers/customers_batch_0.json.gz
2026-05-08 21:38:55 | INFO     | SapoExtractor | extract_json_gzip:22 | Extracting: gs://minpy/shared/customers/customers_batch_0.json.gz
2026-05-08 21:39:00 | INFO     | SapoExtractor | extract_json_gzip:51 | Extracted 10000 records from shared/customers/customers_batch_0.json.gz
2026-05-08 21:39:00 | INFO     | SapoExtractor | extract_json_gzip_batches:119 | Extracting batch 2/10: shared/customers/customers_batch_1.json.gz
2026-05-08 21:39:00 | INFO     | SapoExtractor | extract_json_gzip:22 | Extracting: gs://minpy/shared/customers/customers_batch_1.json.gz
2026-05-08 21:39:03 | INFO     | SapoExtractor | extract_json_gzip:51 | Extracted 10000 records from shared/customers/customers_batch_1.json.gz
2026-05-08 21:39:03 | INFO     | SapoExtractor | extract_json_gzip_batches:119 | Extracting batch 3/10: shared/customers/customers_batch_2.json.gz
2026-05-08 21:39:03 | INFO     | SapoExtractor | extract_json_gzip:22 | Extracting: gs://minpy/shared/customers/customers_batch_2.json.gz
2026-05-08 21:39:06 | INFO     | SapoExtractor | extract_json_gzip:51 | Extracted 10000 records from shared/customers/customers_batch_2.json.gz
2026-05-08 21:39:06 | INFO     | SapoExtractor | extract_json_gzip_batches:119 | Extracting batch 4/10: shared/customers/customers_batch_3.json.gz
2026-05-08 21:39:06 | INFO     | SapoExtractor | extract_json_gzip:22 | Extracting: gs://minpy/shared/customers/customers_batch_3.json.gz
2026-05-08 21:39:08 | INFO     | SapoExtractor | extract_json_gzip:51 | Extracted 10000 records from shared/customers/customers_batch_3.json.gz
2026-05-08 21:39:08 | INFO     | SapoExtractor | extract_json_gzip_batches:119 | Extracting batch 5/10: shared/customers/customers_batch_4.json.gz
2026-05-08 21:39:08 | INFO     | SapoExtractor | extract_json_gzip:22 | Extracting: gs://minpy/shared/customers/customers_batch_4.json.gz
2026-05-08 21:39:11 | INFO     | SapoExtractor | extract_json_gzip:51 | Extracted 10000 records from shared/customers/customers_batch_4.json.gz
2026-05-08 21:39:11 | INFO     | SapoExtractor | extract_json_gzip_batches:119 | Extracting batch 6/10: shared/customers/customers_batch_5.json.gz
2026-05-08 21:39:11 | INFO     | SapoExtractor | extract_json_gzip:22 | Extracting: gs://minpy/shared/customers/customers_batch_5.json.gz
2026-05-08 21:39:13 | INFO     | SapoExtractor | extract_json_gzip:51 | Extracted 10000 records from shared/customers/customers_batch_5.json.gz
2026-05-08 21:39:13 | INFO     | SapoExtractor | extract_json_gzip_batches:119 | Extracting batch 7/10: shared/customers/customers_batch_6.json.gz
2026-05-08 21:39:13 | INFO     | SapoExtractor | extract_json_gzip:22 | Extracting: gs://minpy/shared/customers/customers_batch_6.json.gz
2026-05-08 21:39:16 | INFO     | SapoExtractor | extract_json_gzip:51 | Extracted 10000 records from shared/customers/customers_batch_6.json.gz
2026-05-08 21:39:16 | INFO     | SapoExtractor | extract_json_gzip_batches:119 | Extracting batch 8/10: shared/customers/customers_batch_7.json.gz
2026-05-08 21:39:16 | INFO     | SapoExtractor | extract_json_gzip:22 | Extracting: gs://minpy/shared/customers/customers_batch_7.json.gz
2026-05-08 21:39:18 | INFO     | SapoExtractor | extract_json_gzip:51 | Extracted 10000 records from shared/customers/customers_batch_7.json.gz
2026-05-08 21:39:18 | INFO     | SapoExtractor | extract_json_gzip_batches:119 | Extracting batch 9/10: shared/customers/customers_batch_8.json.gz
2026-05-08 21:39:18 | INFO     | SapoExtractor | extract_json_gzip:22 | Extracting: gs://minpy/shared/customers/customers_batch_8.json.gz
2026-05-08 21:39:21 | INFO     | SapoExtractor | extract_json_gzip:51 | Extracted 10000 records from shared/customers/customers_batch_8.json.gz
2026-05-08 21:39:21 | INFO     | SapoExtractor | extract_json_gzip_batches:119 | Extracting batch 10/10: shared/customers/customers_batch_9.json.gz
2026-05-08 21:39:21 | INFO     | SapoExtractor | extract_json_gzip:22 | Extracting: gs://minpy/shared/customers/customers_batch_9.json.gz
2026-05-08 21:39:23 | INFO     | SapoExtractor | extract_json_gzip:51 | Extracted 10000 records from shared/customers/customers_batch_9.json.gz
2026-05-08 21:39:23 | INFO     | SapoExtractor | extract_json_gzip_batches:125 | Total records from 10 batches: 100000
2026-05-08 21:39:23 | INFO     | SapoExtractor | extract_customers:42 | Customer extraction complete: 100000 customers
2026-05-08 21:39:23 | INFO     | SapoExtractor | extract_products:52 | Starting products extraction...
2026-05-08 21:39:23 | INFO     | SapoExtractor | extract_json_gzip:22 | Extracting: gs://minpy/shared/products.json.gz
2026-05-08 21:39:24 | INFO     | SapoExtractor | extract_json_gzip:51 | Extracted 1300 records from shared/products.json.gz
2026-05-08 21:39:24 | INFO     | SapoExtractor | extract_products:54 | Products extraction complete: 1300 products
2026-05-08 21:39:24 | INFO     | SapoExtractor | extract_locations:64 | Starting locations extraction...
2026-05-08 21:39:24 | INFO     | SapoExtractor | extract_json_gzip:22 | Extracting: gs://minpy/shared/sapo_locations.json.gz
2026-05-08 21:39:25 | INFO     | SapoExtractor | extract_json_gzip:51 | Extracted 50 records from shared/sapo_locations.json.gz
2026-05-08 21:39:25 | INFO     | SapoExtractor | extract_locations:66 | Locations extraction complete: 50 locations
2026-05-08 21:39:25 | INFO     | SapoExtractor | extract_orders:24 | Starting Sapo orders extraction...
2026-05-08 21:39:25 | INFO     | SapoExtractor | extract_json_gzip:22 | Extracting: gs://minpy/sapo/transactions.json.gz
2026-05-08 21:39:28 | INFO     | SapoExtractor | extract_json_gzip:51 | Extracted 5000 records from sapo/transactions.json.gz
2026-05-08 21:39:28 | INFO     | SapoExtractor | extract_orders:26 | Sapo extraction complete: 5000 orders
2026-05-08 21:39:28 | INFO     | DimensionTransformer | transform_dim_customers:33 | Transforming dim_customers...
2026-05-08 21:39:29 | INFO     | DimensionTransformer | transform_dim_customers:81 |   Added Unknown/Walk-in customer (ID: -1) for unmatched orders
2026-05-08 21:39:29 | INFO     | DimensionTransformer | check_duplicates:72 | [dim_customers] No duplicates found on ['customer_id']
2026-05-08 21:39:29 | INFO     | DimensionTransformer | validate_date_range:116 | [dim_customers] Date range for 'created_at': 2023-12-17 19:59:26.237721 to 2025-12-15 19:59:37.375962
2026-05-08 21:39:29 | INFO     | DimensionTransformer | transform_dim_customers:88 | dim_customers: 100001 rows
2026-05-08 21:39:29 | INFO     | DimensionTransformer | transform_dim_products:104 | Transforming dim_products...
2026-05-08 21:39:29 | INFO     | DimensionTransformer | check_duplicates:72 | [dim_products] No duplicates found on ['product_id']
2026-05-08 21:39:29 | INFO     | DimensionTransformer | validate_amounts:152 | [dim_products] 'price_vnd' stats: mean=19,338,538, median=6,850,000, std=26,822,415
2026-05-08 21:39:29 | WARNING  | DimensionTransformer | validate_amounts:161 | [dim_products] Column 'price_vnd': 40 potential outliers (>3σ)
2026-05-08 21:39:29 | INFO     | DimensionTransformer | validate_amounts:152 | [dim_products] 'price_usd' stats: mean=806, median=285, std=1,118
2026-05-08 21:39:29 | WARNING  | DimensionTransformer | validate_amounts:161 | [dim_products] Column 'price_usd': 40 potential outliers (>3σ)
2026-05-08 21:39:29 | INFO     | DimensionTransformer | transform_dim_products:132 | dim_products: 1300 rows
2026-05-08 21:39:29 | INFO     | DimensionTransformer | transform_dim_locations:148 | Transforming dim_locations...
2026-05-08 21:39:29 | INFO     | DimensionTransformer | check_duplicates:72 | [dim_locations] No duplicates found on ['location_id']
2026-05-08 21:39:29 | INFO     | DimensionTransformer | transform_dim_locations:177 | dim_locations: 50 rows
2026-05-08 21:39:30 | INFO     | DimensionTransformer | transform_dim_staff:194 | Transforming dim_staff...
2026-05-08 21:39:30 | WARNING  | DimensionTransformer | transform_dim_staff:225 | No staff data available. Creating empty dim_staff.
2026-05-08 21:39:30 | INFO     | DimensionTransformer | transform_dim_date:248 | Generating dim_date from 2024-01-01 to 2027-12-31...
2026-05-08 21:39:30 | INFO     | DimensionTransformer | transform_dim_date:280 | dim_date: 1461 rows generated
2026-05-08 21:39:30 | INFO     | PipelineOrchestrator | _load_tables:390 | Loading Dimensions to BigQuery...
2026-05-08 21:39:30 | INFO     | BigQueryLoader | load_dataframe:74 | Loading 100001 rows into minpyws.techstore_analytics.dim_customers (disposition: WRITE_TRUNCATE)...
2026-05-08 21:39:30 | INFO     | BigQueryLoader | load_dataframe:91 |   Partitioning on: created_at
2026-05-08 21:39:51 | INFO     | BigQueryLoader | load_dataframe:107 | Successfully loaded 100001 rows into minpyws.techstore_analytics.dim_customers
2026-05-08 21:39:51 | INFO     | BigQueryLoader | load_dataframe:74 | Loading 1300 rows into minpyws.techstore_analytics.dim_products (disposition: WRITE_TRUNCATE)...
2026-05-08 21:39:54 | INFO     | BigQueryLoader | load_dataframe:107 | Successfully loaded 1300 rows into minpyws.techstore_analytics.dim_products
2026-05-08 21:39:54 | INFO     | BigQueryLoader | load_dataframe:74 | Loading 50 rows into minpyws.techstore_analytics.dim_locations (disposition: WRITE_TRUNCATE)...
2026-05-08 21:39:59 | INFO     | BigQueryLoader | load_dataframe:107 | Successfully loaded 50 rows into minpyws.techstore_analytics.dim_locations
2026-05-08 21:39:59 | WARNING  | PipelineOrchestrator | _load_tables:403 | Skipping empty table: dim_staff
2026-05-08 21:39:59 | INFO     | BigQueryLoader | load_dataframe:74 | Loading 1461 rows into minpyws.techstore_analytics.dim_date (disposition: WRITE_TRUNCATE)...
2026-05-08 21:40:04 | INFO     | BigQueryLoader | load_dataframe:107 | Successfully loaded 1461 rows into minpyws.techstore_analytics.dim_date
2026-05-08 21:40:04 | INFO     | PipelineOrchestrator | run_full_pipeline:152 | Phase A complete. [RAM: 185 MB]
2026-05-08 21:40:04 | INFO     | PipelineOrchestrator | run_full_pipeline:158 |   Freed dimension DataFrames [RAM: 183 MB]
2026-05-08 21:40:04 | INFO     | PipelineOrchestrator | run_full_pipeline:163 | ────────────────────────────────────────
2026-05-08 21:40:04 | INFO     | PipelineOrchestrator | run_full_pipeline:164 | PHASE B: ORDER FACTS [RAM: 183 MB]
2026-05-08 21:40:04 | INFO     | ShopifyExtractor | extract_orders:23 | Starting Shopify orders extraction...
2026-05-08 21:40:04 | INFO     | ShopifyExtractor | extract_json_gzip_batches:119 | Extracting batch 1/5: shopify/orders_batch_0.json.gz
2026-05-08 21:40:04 | INFO     | ShopifyExtractor | extract_json_gzip:22 | Extracting: gs://minpy/shopify/orders_batch_0.json.gz
2026-05-08 21:40:16 | INFO     | ShopifyExtractor | extract_json_gzip:51 | Extracted 100000 records from shopify/orders_batch_0.json.gz
2026-05-08 21:40:16 | INFO     | ShopifyExtractor | extract_json_gzip_batches:119 | Extracting batch 2/5: shopify/orders_batch_1.json.gz
2026-05-08 21:40:16 | INFO     | ShopifyExtractor | extract_json_gzip:22 | Extracting: gs://minpy/shopify/orders_batch_1.json.gz
2026-05-08 21:40:25 | INFO     | ShopifyExtractor | extract_json_gzip:51 | Extracted 100000 records from shopify/orders_batch_1.json.gz
2026-05-08 21:40:25 | INFO     | ShopifyExtractor | extract_json_gzip_batches:119 | Extracting batch 3/5: shopify/orders_batch_2.json.gz
2026-05-08 21:40:25 | INFO     | ShopifyExtractor | extract_json_gzip:22 | Extracting: gs://minpy/shopify/orders_batch_2.json.gz
2026-05-08 21:40:36 | INFO     | ShopifyExtractor | extract_json_gzip:51 | Extracted 100000 records from shopify/orders_batch_2.json.gz
2026-05-08 21:40:36 | INFO     | ShopifyExtractor | extract_json_gzip_batches:119 | Extracting batch 4/5: shopify/orders_batch_3.json.gz
2026-05-08 21:40:36 | INFO     | ShopifyExtractor | extract_json_gzip:22 | Extracting: gs://minpy/shopify/orders_batch_3.json.gz
2026-05-08 21:40:45 | INFO     | ShopifyExtractor | extract_json_gzip:51 | Extracted 100000 records from shopify/orders_batch_3.json.gz
2026-05-08 21:40:45 | INFO     | ShopifyExtractor | extract_json_gzip_batches:119 | Extracting batch 5/5: shopify/orders_batch_4.json.gz
2026-05-08 21:40:45 | INFO     | ShopifyExtractor | extract_json_gzip:22 | Extracting: gs://minpy/shopify/orders_batch_4.json.gz
2026-05-08 21:40:55 | INFO     | ShopifyExtractor | extract_json_gzip:51 | Extracted 100000 records from shopify/orders_batch_4.json.gz
2026-05-08 21:40:55 | INFO     | ShopifyExtractor | extract_json_gzip_batches:125 | Total records from 5 batches: 500000
2026-05-08 21:40:55 | INFO     | ShopifyExtractor | extract_orders:29 | Shopify extraction complete: 500000 total orders
2026-05-08 21:40:55 | INFO     | SapoExtractor | extract_online_orders:76 | Starting online orders extraction...
2026-05-08 21:40:55 | INFO     | SapoExtractor | extract_json_gzip:22 | Extracting: gs://minpy/online_orders/online_orders.json.gz
2026-05-08 21:41:25 | INFO     | SapoExtractor | extract_json_gzip:51 | Extracted 200000 records from online_orders/online_orders.json.gz
2026-05-08 21:41:25 | INFO     | SapoExtractor | extract_online_orders:78 | Online orders extraction complete: 200000 orders
2026-05-08 21:41:25 | INFO     | FactTransformer | transform_fact_orders:40 | Transforming fact_orders...
2026-05-08 21:41:25 | INFO     | FactTransformer | transform_fact_orders:45 | Processing 500000 Shopify orders...
2026-05-08 21:41:54 | INFO     | FactTransformer | transform_fact_orders:80 | Processing 5000 Sapo orders...
2026-05-08 21:41:54 | INFO     | FactTransformer | transform_fact_orders:117 | Processing 200000 online orders...
2026-05-08 21:42:07 | INFO     | FactTransformer | transform_fact_orders:160 | Combining orders from all channels...
2026-05-08 21:42:38 | INFO     | FactTransformer | transform_fact_orders:201 |   Assigning 5000 null customer_ids to -1 (Unknown/Walk-in)
2026-05-08 21:42:39 | WARNING  | FactTransformer | check_duplicates:66 | [fact_orders] Found 444 duplicate records on ['order_key']. Removing...
2026-05-08 21:42:39 | INFO     | FactTransformer | validate_date_range:116 | [fact_orders] Date range for 'order_date': 2025-01-06 15:48:54.567378 to 2026-01-06 15:49:57.642486
2026-05-08 21:42:39 | INFO     | FactTransformer | validate_amounts:152 | [fact_orders] 'total_vnd' stats: mean=113,237,014, median=78,320,000, std=113,439,581
2026-05-08 21:42:39 | WARNING  | FactTransformer | validate_amounts:161 | [fact_orders] Column 'total_vnd': 11714 potential outliers (>3σ)
2026-05-08 21:42:39 | INFO     | FactTransformer | transform_fact_orders:222 | fact_orders: 704556 rows
2026-05-08 21:42:40 | INFO     | FactTransformer | transform_fact_order_items:246 | Transforming fact_order_items...
2026-05-08 21:42:40 | INFO     | FactTransformer | transform_fact_order_items:259 | Extracting line items from shopify (500000 orders)...
2026-05-08 21:43:18 | INFO     | FactTransformer | transform_fact_order_items:259 | Extracting line items from sapo_pos (5000 orders)...
2026-05-08 21:43:18 | INFO     | FactTransformer | transform_fact_order_items:259 | Extracting line items from online (200000 orders)...
2026-05-08 21:45:45 | INFO     | FactTransformer | validate_amounts:152 | [fact_order_items] 'unit_price_vnd' stats: mean=17,645,212, median=6,000,000, std=23,781,511
2026-05-08 21:45:45 | WARNING  | FactTransformer | validate_amounts:161 | [fact_order_items] Column 'unit_price_vnd': 55802 potential outliers (>3σ)
2026-05-08 21:45:45 | INFO     | FactTransformer | validate_amounts:152 | [fact_order_items] 'line_total_vnd' stats: mean=34,568,156, median=11,400,000, std=52,395,355
2026-05-08 21:45:45 | WARNING  | FactTransformer | validate_amounts:161 | [fact_order_items] Column 'line_total_vnd': 48610 potential outliers (>3σ)
2026-05-08 21:45:45 | INFO     | FactTransformer | transform_fact_order_items:331 | fact_order_items: 2099029 rows
2026-05-08 21:46:09 | INFO     | PipelineOrchestrator | _load_tables:390 | Loading Order facts to BigQuery...
2026-05-08 21:46:09 | INFO     | BigQueryLoader | load_dataframe:74 | Loading 704556 rows into minpyws.techstore_analytics.fact_orders (disposition: WRITE_TRUNCATE)...
2026-05-08 21:46:09 | INFO     | BigQueryLoader | load_dataframe:91 |   Partitioning on: order_date
2026-05-08 21:46:09 | INFO     | BigQueryLoader | load_dataframe:98 |   Clustering on: ['customer_id', 'channel']
2026-05-08 21:46:33 | INFO     | BigQueryLoader | load_dataframe:107 | Successfully loaded 704556 rows into minpyws.techstore_analytics.fact_orders
2026-05-08 21:46:33 | INFO     | BigQueryLoader | load_dataframe:74 | Loading 2099029 rows into minpyws.techstore_analytics.fact_order_items (disposition: WRITE_TRUNCATE)...
2026-05-08 21:46:33 | INFO     | BigQueryLoader | load_dataframe:91 |   Partitioning on: order_date
2026-05-08 21:46:33 | INFO     | BigQueryLoader | load_dataframe:98 |   Clustering on: ['product_id']
2026-05-08 21:46:59 | INFO     | BigQueryLoader | load_dataframe:107 | Successfully loaded 2099029 rows into minpyws.techstore_analytics.fact_order_items
2026-05-08 21:46:59 | INFO     | PipelineOrchestrator | run_full_pipeline:193 | Phase B complete. [RAM: 901 MB]
2026-05-08 21:46:59 | INFO     | PipelineOrchestrator | run_full_pipeline:198 |   Freed fact_order_items [RAM: 572 MB]
2026-05-08 21:46:59 | INFO     | PipelineOrchestrator | run_full_pipeline:203 | ────────────────────────────────────────
2026-05-08 21:46:59 | INFO     | PipelineOrchestrator | run_full_pipeline:204 | PHASE C: PAYMENT FACTS [RAM: 572 MB]
2026-05-08 21:46:59 | INFO     | PaymentExtractor | extract_paypal:23 | Starting PayPal extraction...
2026-05-08 21:46:59 | INFO     | PaymentExtractor | extract_json_gzip:22 | Extracting: gs://minpy/paypal/transactions.json.gz
2026-05-08 21:47:04 | INFO     | PaymentExtractor | extract_json_gzip:51 | Extracted 11000 records from paypal/transactions.json.gz
2026-05-08 21:47:04 | INFO     | PaymentExtractor | extract_paypal:25 | PayPal extraction complete: 11000 transactions
2026-05-08 21:47:04 | INFO     | PaymentExtractor | extract_momo:35 | Starting MoMo extraction...
2026-05-08 21:47:04 | INFO     | PaymentExtractor | extract_json_gzip:22 | Extracting: gs://minpy/momo/transactions.json.gz
2026-05-08 21:47:09 | INFO     | PaymentExtractor | extract_json_gzip:51 | Extracted 40000 records from momo/transactions.json.gz
2026-05-08 21:47:09 | INFO     | PaymentExtractor | extract_momo:37 | MoMo extraction complete: 40000 transactions
2026-05-08 21:47:09 | INFO     | PaymentExtractor | extract_zalopay:47 | Starting ZaloPay extraction...
2026-05-08 21:47:09 | INFO     | PaymentExtractor | extract_json_gzip:22 | Extracting: gs://minpy/zalopay/transactions.json.gz
2026-05-08 21:47:16 | INFO     | PaymentExtractor | extract_json_gzip:51 | Extracted 55000 records from zalopay/transactions.json.gz
2026-05-08 21:47:16 | INFO     | PaymentExtractor | extract_zalopay:49 | ZaloPay extraction complete: 55000 transactions
2026-05-08 21:47:16 | INFO     | FactTransformer | transform_fact_payments:355 | Transforming fact_payments...
2026-05-08 21:47:16 | INFO     | FactTransformer | transform_fact_payments:360 | Processing 11000 PayPal transactions...
2026-05-08 21:47:16 | INFO     | FactTransformer | transform_fact_payments:378 | Processing 40000 MoMo transactions...
2026-05-08 21:47:16 | INFO     | FactTransformer | transform_fact_payments:397 | Processing 55000 ZaloPay transactions...
2026-05-08 21:47:20 | INFO     | FactTransformer | check_duplicates:72 | [fact_payments] No duplicates found on ['payment_key']
2026-05-08 21:47:20 | INFO     | FactTransformer | validate_date_range:116 | [fact_payments] Date range for 'payment_date': 2025-10-07 16:08:22.703760 to 2026-01-06 16:04:09.797116
2026-05-08 21:47:20 | INFO     | FactTransformer | validate_amounts:152 | [fact_payments] 'amount_vnd' stats: mean=4,210,667, median=845,000, std=8,481,488
2026-05-08 21:47:20 | WARNING  | FactTransformer | validate_amounts:161 | [fact_payments] Column 'amount_vnd': 4216 potential outliers (>3σ)
2026-05-08 21:47:20 | INFO     | FactTransformer | transform_fact_payments:451 | fact_payments: 106000 rows
2026-05-08 21:47:20 | INFO     | PipelineOrchestrator | _load_tables:390 | Loading Payment facts to BigQuery...
2026-05-08 21:47:20 | INFO     | BigQueryLoader | load_dataframe:74 | Loading 106000 rows into minpyws.techstore_analytics.fact_payments (disposition: WRITE_TRUNCATE)...
2026-05-08 21:47:20 | INFO     | BigQueryLoader | load_dataframe:91 |   Partitioning on: payment_date
2026-05-08 21:47:20 | INFO     | BigQueryLoader | load_dataframe:98 |   Clustering on: ['customer_id', 'payment_gateway']
2026-05-08 21:47:26 | INFO     | BigQueryLoader | load_dataframe:107 | Successfully loaded 106000 rows into minpyws.techstore_analytics.fact_payments
2026-05-08 21:47:26 | INFO     | PipelineOrchestrator | run_full_pipeline:223 | Phase C complete. [RAM: 591 MB]
2026-05-08 21:47:26 | INFO     | PipelineOrchestrator | run_full_pipeline:232 | ────────────────────────────────────────
2026-05-08 21:47:26 | INFO     | PipelineOrchestrator | run_full_pipeline:233 | PHASE D: CART EVENTS (large file — chunked mode) [RAM: 582 MB]
2026-05-08 21:47:27 | INFO     | FactTransformer | transform_fact_cart_events_chunked:540 | Transforming fact_cart_events (chunked mode)...
2026-05-08 21:47:27 | INFO     | TrackingExtractor | extract_cart_events_chunked:44 | Starting chunked cart events extraction (large file)...
2026-05-08 21:47:27 | INFO     | TrackingExtractor | extract_json_gzip_chunked:67 | Extracting (chunked): gs://minpy/cart_tracking/cart_events.json.gz
2026-05-08 21:48:00 | INFO     | TrackingExtractor | extract_json_gzip_chunked:90 |   Yielding chunk: 50000 records (total so far: 50000)
2026-05-08 21:48:00 | INFO     | FactTransformer | transform_fact_cart_events_chunked:549 |   Processing chunk 1: 50000 records (total input: 50000)
2026-05-08 21:48:04 | INFO     | TrackingExtractor | extract_json_gzip_chunked:90 |   Yielding chunk: 50000 records (total so far: 100000)
2026-05-08 21:48:04 | INFO     | FactTransformer | transform_fact_cart_events_chunked:549 |   Processing chunk 2: 50000 records (total input: 100000)
2026-05-08 21:48:08 | INFO     | TrackingExtractor | extract_json_gzip_chunked:90 |   Yielding chunk: 50000 records (total so far: 150000)
2026-05-08 21:48:08 | INFO     | FactTransformer | transform_fact_cart_events_chunked:549 |   Processing chunk 3: 50000 records (total input: 150000)
2026-05-08 21:48:12 | INFO     | TrackingExtractor | extract_json_gzip_chunked:90 |   Yielding chunk: 50000 records (total so far: 200000)
2026-05-08 21:48:12 | INFO     | FactTransformer | transform_fact_cart_events_chunked:549 |   Processing chunk 4: 50000 records (total input: 200000)
2026-05-08 21:48:16 | INFO     | TrackingExtractor | extract_json_gzip_chunked:90 |   Yielding chunk: 50000 records (total so far: 250000)
2026-05-08 21:48:16 | INFO     | FactTransformer | transform_fact_cart_events_chunked:549 |   Processing chunk 5: 50000 records (total input: 250000)
2026-05-08 21:48:20 | INFO     | TrackingExtractor | extract_json_gzip_chunked:90 |   Yielding chunk: 50000 records (total so far: 300000)
2026-05-08 21:48:20 | INFO     | FactTransformer | transform_fact_cart_events_chunked:549 |   Processing chunk 6: 50000 records (total input: 300000)
2026-05-08 21:48:24 | INFO     | TrackingExtractor | extract_json_gzip_chunked:90 |   Yielding chunk: 50000 records (total so far: 350000)
2026-05-08 21:48:24 | INFO     | FactTransformer | transform_fact_cart_events_chunked:549 |   Processing chunk 7: 50000 records (total input: 350000)
2026-05-08 21:48:28 | INFO     | TrackingExtractor | extract_json_gzip_chunked:90 |   Yielding chunk: 50000 records (total so far: 400000)
2026-05-08 21:48:28 | INFO     | FactTransformer | transform_fact_cart_events_chunked:549 |   Processing chunk 8: 50000 records (total input: 400000)
2026-05-08 21:48:32 | INFO     | TrackingExtractor | extract_json_gzip_chunked:90 |   Yielding chunk: 50000 records (total so far: 450000)
2026-05-08 21:48:32 | INFO     | FactTransformer | transform_fact_cart_events_chunked:549 |   Processing chunk 9: 50000 records (total input: 450000)
2026-05-08 21:48:37 | INFO     | TrackingExtractor | extract_json_gzip_chunked:90 |   Yielding chunk: 50000 records (total so far: 500000)
2026-05-08 21:48:37 | INFO     | FactTransformer | transform_fact_cart_events_chunked:549 |   Processing chunk 10: 50000 records (total input: 500000)
2026-05-08 21:48:40 | INFO     | TrackingExtractor | extract_json_gzip_chunked:90 |   Yielding chunk: 50000 records (total so far: 550000)
2026-05-08 21:48:40 | INFO     | FactTransformer | transform_fact_cart_events_chunked:549 |   Processing chunk 11: 50000 records (total input: 550000)
2026-05-08 21:48:44 | INFO     | TrackingExtractor | extract_json_gzip_chunked:90 |   Yielding chunk: 50000 records (total so far: 600000)
2026-05-08 21:48:44 | INFO     | FactTransformer | transform_fact_cart_events_chunked:549 |   Processing chunk 12: 50000 records (total input: 600000)
2026-05-08 21:48:48 | INFO     | TrackingExtractor | extract_json_gzip_chunked:90 |   Yielding chunk: 50000 records (total so far: 650000)
2026-05-08 21:48:48 | INFO     | FactTransformer | transform_fact_cart_events_chunked:549 |   Processing chunk 13: 50000 records (total input: 650000)
2026-05-08 21:48:52 | INFO     | TrackingExtractor | extract_json_gzip_chunked:90 |   Yielding chunk: 50000 records (total so far: 700000)
2026-05-08 21:48:52 | INFO     | FactTransformer | transform_fact_cart_events_chunked:549 |   Processing chunk 14: 50000 records (total input: 700000)
2026-05-08 21:48:56 | INFO     | TrackingExtractor | extract_json_gzip_chunked:90 |   Yielding chunk: 50000 records (total so far: 750000)
2026-05-08 21:48:56 | INFO     | FactTransformer | transform_fact_cart_events_chunked:549 |   Processing chunk 15: 50000 records (total input: 750000)
2026-05-08 21:49:00 | INFO     | TrackingExtractor | extract_json_gzip_chunked:90 |   Yielding chunk: 50000 records (total so far: 800000)
2026-05-08 21:49:00 | INFO     | FactTransformer | transform_fact_cart_events_chunked:549 |   Processing chunk 16: 50000 records (total input: 800000)
2026-05-08 21:49:04 | INFO     | TrackingExtractor | extract_json_gzip_chunked:90 |   Yielding chunk: 50000 records (total so far: 850000)
2026-05-08 21:49:04 | INFO     | FactTransformer | transform_fact_cart_events_chunked:549 |   Processing chunk 17: 50000 records (total input: 850000)
2026-05-08 21:49:08 | INFO     | TrackingExtractor | extract_json_gzip_chunked:90 |   Yielding chunk: 50000 records (total so far: 900000)
2026-05-08 21:49:08 | INFO     | FactTransformer | transform_fact_cart_events_chunked:549 |   Processing chunk 18: 50000 records (total input: 900000)
2026-05-08 21:49:12 | INFO     | TrackingExtractor | extract_json_gzip_chunked:90 |   Yielding chunk: 50000 records (total so far: 950000)
2026-05-08 21:49:12 | INFO     | FactTransformer | transform_fact_cart_events_chunked:549 |   Processing chunk 19: 50000 records (total input: 950000)
2026-05-08 21:49:16 | INFO     | TrackingExtractor | extract_json_gzip_chunked:90 |   Yielding chunk: 50000 records (total so far: 1000000)
2026-05-08 21:49:16 | INFO     | FactTransformer | transform_fact_cart_events_chunked:549 |   Processing chunk 20: 50000 records (total input: 1000000)
2026-05-08 21:49:20 | INFO     | TrackingExtractor | extract_json_gzip_chunked:90 |   Yielding chunk: 50000 records (total so far: 1050000)
2026-05-08 21:49:20 | INFO     | FactTransformer | transform_fact_cart_events_chunked:549 |   Processing chunk 21: 50000 records (total input: 1050000)
2026-05-08 21:49:24 | INFO     | TrackingExtractor | extract_json_gzip_chunked:90 |   Yielding chunk: 50000 records (total so far: 1100000)
2026-05-08 21:49:24 | INFO     | FactTransformer | transform_fact_cart_events_chunked:549 |   Processing chunk 22: 50000 records (total input: 1100000)
2026-05-08 21:49:28 | INFO     | TrackingExtractor | extract_json_gzip_chunked:90 |   Yielding chunk: 50000 records (total so far: 1150000)
2026-05-08 21:49:28 | INFO     | FactTransformer | transform_fact_cart_events_chunked:549 |   Processing chunk 23: 50000 records (total input: 1150000)
2026-05-08 21:49:31 | INFO     | TrackingExtractor | extract_json_gzip_chunked:90 |   Yielding chunk: 50000 records (total so far: 1200000)
2026-05-08 21:49:31 | INFO     | FactTransformer | transform_fact_cart_events_chunked:549 |   Processing chunk 24: 50000 records (total input: 1200000)
2026-05-08 21:49:35 | INFO     | TrackingExtractor | extract_json_gzip_chunked:90 |   Yielding chunk: 50000 records (total so far: 1250000)
2026-05-08 21:49:35 | INFO     | FactTransformer | transform_fact_cart_events_chunked:549 |   Processing chunk 25: 50000 records (total input: 1250000)
2026-05-08 21:49:39 | INFO     | TrackingExtractor | extract_json_gzip_chunked:90 |   Yielding chunk: 50000 records (total so far: 1300000)
2026-05-08 21:49:39 | INFO     | FactTransformer | transform_fact_cart_events_chunked:549 |   Processing chunk 26: 50000 records (total input: 1300000)
2026-05-08 21:49:43 | INFO     | TrackingExtractor | extract_json_gzip_chunked:90 |   Yielding chunk: 50000 records (total so far: 1350000)
2026-05-08 21:49:43 | INFO     | FactTransformer | transform_fact_cart_events_chunked:549 |   Processing chunk 27: 50000 records (total input: 1350000)
2026-05-08 21:49:47 | INFO     | TrackingExtractor | extract_json_gzip_chunked:90 |   Yielding chunk: 50000 records (total so far: 1400000)
2026-05-08 21:49:47 | INFO     | FactTransformer | transform_fact_cart_events_chunked:549 |   Processing chunk 28: 50000 records (total input: 1400000)
2026-05-08 21:49:52 | INFO     | TrackingExtractor | extract_json_gzip_chunked:90 |   Yielding chunk: 50000 records (total so far: 1450000)
2026-05-08 21:49:52 | INFO     | FactTransformer | transform_fact_cart_events_chunked:549 |   Processing chunk 29: 50000 records (total input: 1450000)
2026-05-08 21:49:56 | INFO     | TrackingExtractor | extract_json_gzip_chunked:90 |   Yielding chunk: 50000 records (total so far: 1500000)
2026-05-08 21:49:56 | INFO     | FactTransformer | transform_fact_cart_events_chunked:549 |   Processing chunk 30: 50000 records (total input: 1500000)
2026-05-08 21:50:01 | INFO     | TrackingExtractor | extract_json_gzip_chunked:90 |   Yielding chunk: 50000 records (total so far: 1550000)
2026-05-08 21:50:01 | INFO     | FactTransformer | transform_fact_cart_events_chunked:549 |   Processing chunk 31: 50000 records (total input: 1550000)
2026-05-08 21:50:05 | INFO     | TrackingExtractor | extract_json_gzip_chunked:90 |   Yielding chunk: 50000 records (total so far: 1600000)
2026-05-08 21:50:05 | INFO     | FactTransformer | transform_fact_cart_events_chunked:549 |   Processing chunk 32: 50000 records (total input: 1600000)
2026-05-08 21:50:09 | INFO     | TrackingExtractor | extract_json_gzip_chunked:90 |   Yielding chunk: 50000 records (total so far: 1650000)
2026-05-08 21:50:09 | INFO     | FactTransformer | transform_fact_cart_events_chunked:549 |   Processing chunk 33: 50000 records (total input: 1650000)
2026-05-08 21:50:13 | INFO     | TrackingExtractor | extract_json_gzip_chunked:90 |   Yielding chunk: 50000 records (total so far: 1700000)
2026-05-08 21:50:13 | INFO     | FactTransformer | transform_fact_cart_events_chunked:549 |   Processing chunk 34: 50000 records (total input: 1700000)
2026-05-08 21:50:17 | INFO     | TrackingExtractor | extract_json_gzip_chunked:90 |   Yielding chunk: 50000 records (total so far: 1750000)
2026-05-08 21:50:17 | INFO     | FactTransformer | transform_fact_cart_events_chunked:549 |   Processing chunk 35: 50000 records (total input: 1750000)
2026-05-08 21:50:21 | INFO     | TrackingExtractor | extract_json_gzip_chunked:90 |   Yielding chunk: 50000 records (total so far: 1800000)
2026-05-08 21:50:21 | INFO     | FactTransformer | transform_fact_cart_events_chunked:549 |   Processing chunk 36: 50000 records (total input: 1800000)
2026-05-08 21:50:25 | INFO     | TrackingExtractor | extract_json_gzip_chunked:90 |   Yielding chunk: 50000 records (total so far: 1850000)
2026-05-08 21:50:25 | INFO     | FactTransformer | transform_fact_cart_events_chunked:549 |   Processing chunk 37: 50000 records (total input: 1850000)
2026-05-08 21:50:29 | INFO     | TrackingExtractor | extract_json_gzip_chunked:90 |   Yielding chunk: 50000 records (total so far: 1900000)
2026-05-08 21:50:29 | INFO     | FactTransformer | transform_fact_cart_events_chunked:549 |   Processing chunk 38: 50000 records (total input: 1900000)
2026-05-08 21:50:33 | INFO     | TrackingExtractor | extract_json_gzip_chunked:90 |   Yielding chunk: 50000 records (total so far: 1950000)
2026-05-08 21:50:33 | INFO     | FactTransformer | transform_fact_cart_events_chunked:549 |   Processing chunk 39: 50000 records (total input: 1950000)
2026-05-08 21:50:37 | INFO     | TrackingExtractor | extract_json_gzip_chunked:90 |   Yielding chunk: 50000 records (total so far: 2000000)
2026-05-08 21:50:37 | INFO     | FactTransformer | transform_fact_cart_events_chunked:549 |   Processing chunk 40: 50000 records (total input: 2000000)
2026-05-08 21:50:40 | INFO     | TrackingExtractor | extract_json_gzip_chunked:90 |   Yielding chunk: 50000 records (total so far: 2050000)
2026-05-08 21:50:40 | INFO     | FactTransformer | transform_fact_cart_events_chunked:549 |   Processing chunk 41: 50000 records (total input: 2050000)
2026-05-08 21:50:44 | INFO     | TrackingExtractor | extract_json_gzip_chunked:90 |   Yielding chunk: 50000 records (total so far: 2100000)
2026-05-08 21:50:44 | INFO     | FactTransformer | transform_fact_cart_events_chunked:549 |   Processing chunk 42: 50000 records (total input: 2100000)
2026-05-08 21:50:48 | INFO     | TrackingExtractor | extract_json_gzip_chunked:90 |   Yielding chunk: 50000 records (total so far: 2150000)
2026-05-08 21:50:48 | INFO     | FactTransformer | transform_fact_cart_events_chunked:549 |   Processing chunk 43: 50000 records (total input: 2150000)
2026-05-08 21:50:52 | INFO     | TrackingExtractor | extract_json_gzip_chunked:90 |   Yielding chunk: 50000 records (total so far: 2200000)
2026-05-08 21:50:52 | INFO     | FactTransformer | transform_fact_cart_events_chunked:549 |   Processing chunk 44: 50000 records (total input: 2200000)
2026-05-08 21:50:56 | INFO     | TrackingExtractor | extract_json_gzip_chunked:90 |   Yielding chunk: 50000 records (total so far: 2250000)
2026-05-08 21:50:56 | INFO     | FactTransformer | transform_fact_cart_events_chunked:549 |   Processing chunk 45: 50000 records (total input: 2250000)
2026-05-08 21:51:00 | INFO     | TrackingExtractor | extract_json_gzip_chunked:90 |   Yielding chunk: 50000 records (total so far: 2300000)
2026-05-08 21:51:00 | INFO     | FactTransformer | transform_fact_cart_events_chunked:549 |   Processing chunk 46: 50000 records (total input: 2300000)
2026-05-08 21:51:04 | INFO     | TrackingExtractor | extract_json_gzip_chunked:90 |   Yielding chunk: 50000 records (total so far: 2350000)
2026-05-08 21:51:04 | INFO     | FactTransformer | transform_fact_cart_events_chunked:549 |   Processing chunk 47: 50000 records (total input: 2350000)
2026-05-08 21:51:08 | INFO     | TrackingExtractor | extract_json_gzip_chunked:90 |   Yielding chunk: 50000 records (total so far: 2400000)
2026-05-08 21:51:08 | INFO     | FactTransformer | transform_fact_cart_events_chunked:549 |   Processing chunk 48: 50000 records (total input: 2400000)
2026-05-08 21:51:12 | INFO     | TrackingExtractor | extract_json_gzip_chunked:90 |   Yielding chunk: 50000 records (total so far: 2450000)
2026-05-08 21:51:12 | INFO     | FactTransformer | transform_fact_cart_events_chunked:549 |   Processing chunk 49: 50000 records (total input: 2450000)
2026-05-08 21:51:16 | INFO     | TrackingExtractor | extract_json_gzip_chunked:90 |   Yielding chunk: 50000 records (total so far: 2500000)
2026-05-08 21:51:16 | INFO     | FactTransformer | transform_fact_cart_events_chunked:549 |   Processing chunk 50: 50000 records (total input: 2500000)
2026-05-08 21:51:20 | INFO     | TrackingExtractor | extract_json_gzip_chunked:90 |   Yielding chunk: 50000 records (total so far: 2550000)
2026-05-08 21:51:20 | INFO     | FactTransformer | transform_fact_cart_events_chunked:549 |   Processing chunk 51: 50000 records (total input: 2550000)
2026-05-08 21:51:24 | INFO     | TrackingExtractor | extract_json_gzip_chunked:90 |   Yielding chunk: 50000 records (total so far: 2600000)
2026-05-08 21:51:24 | INFO     | FactTransformer | transform_fact_cart_events_chunked:549 |   Processing chunk 52: 50000 records (total input: 2600000)
2026-05-08 21:51:28 | INFO     | TrackingExtractor | extract_json_gzip_chunked:90 |   Yielding chunk: 50000 records (total so far: 2650000)
2026-05-08 21:51:28 | INFO     | FactTransformer | transform_fact_cart_events_chunked:549 |   Processing chunk 53: 50000 records (total input: 2650000)
2026-05-08 21:51:32 | INFO     | TrackingExtractor | extract_json_gzip_chunked:90 |   Yielding chunk: 50000 records (total so far: 2700000)
2026-05-08 21:51:32 | INFO     | FactTransformer | transform_fact_cart_events_chunked:549 |   Processing chunk 54: 50000 records (total input: 2700000)
2026-05-08 21:51:35 | INFO     | TrackingExtractor | extract_json_gzip_chunked:90 |   Yielding chunk: 50000 records (total so far: 2750000)
2026-05-08 21:51:35 | INFO     | FactTransformer | transform_fact_cart_events_chunked:549 |   Processing chunk 55: 50000 records (total input: 2750000)
2026-05-08 21:51:39 | INFO     | TrackingExtractor | extract_json_gzip_chunked:90 |   Yielding chunk: 50000 records (total so far: 2800000)
2026-05-08 21:51:39 | INFO     | FactTransformer | transform_fact_cart_events_chunked:549 |   Processing chunk 56: 50000 records (total input: 2800000)
2026-05-08 21:51:43 | INFO     | TrackingExtractor | extract_json_gzip_chunked:90 |   Yielding chunk: 50000 records (total so far: 2850000)
2026-05-08 21:51:43 | INFO     | FactTransformer | transform_fact_cart_events_chunked:549 |   Processing chunk 57: 50000 records (total input: 2850000)
2026-05-08 21:51:47 | INFO     | TrackingExtractor | extract_json_gzip_chunked:90 |   Yielding chunk: 50000 records (total so far: 2900000)
2026-05-08 21:51:47 | INFO     | FactTransformer | transform_fact_cart_events_chunked:549 |   Processing chunk 58: 50000 records (total input: 2900000)
2026-05-08 21:51:51 | INFO     | TrackingExtractor | extract_json_gzip_chunked:90 |   Yielding chunk: 50000 records (total so far: 2950000)
2026-05-08 21:51:51 | INFO     | FactTransformer | transform_fact_cart_events_chunked:549 |   Processing chunk 59: 50000 records (total input: 2950000)
2026-05-08 21:51:55 | INFO     | TrackingExtractor | extract_json_gzip_chunked:90 |   Yielding chunk: 50000 records (total so far: 3000000)
2026-05-08 21:51:55 | INFO     | FactTransformer | transform_fact_cart_events_chunked:549 |   Processing chunk 60: 50000 records (total input: 3000000)
2026-05-08 21:51:58 | INFO     | FactTransformer | transform_fact_cart_events_chunked:549 |   Processing chunk 61: 10000 records (total input: 3010000)
2026-05-08 21:51:59 | INFO     | TrackingExtractor | extract_json_gzip_chunked:102 | Chunked extraction complete: 3010000 total records from cart_tracking/cart_events.json.gz
2026-05-08 21:51:59 | INFO     | TrackingExtractor | extract_cart_events_chunked:49 | Chunked cart events extraction complete.
2026-05-08 21:52:00 | INFO     | FactTransformer | check_duplicates:72 | [fact_cart_events] No duplicates found on ['event_key']
2026-05-08 21:52:00 | INFO     | FactTransformer | validate_date_range:116 | [fact_cart_events] Date range for 'event_timestamp': 2025-08-25 23:04:11.545981 to 2025-12-16 17:56:26.615561
2026-05-08 21:52:00 | INFO     | FactTransformer | transform_fact_cart_events_chunked:613 | fact_cart_events (chunked): 3010000 rows
2026-05-08 21:52:00 | INFO     | PipelineOrchestrator | _load_tables:390 | Loading Cart event facts to BigQuery...
2026-05-08 21:52:00 | INFO     | BigQueryLoader | load_dataframe:74 | Loading 3010000 rows into minpyws.techstore_analytics.fact_cart_events (disposition: WRITE_TRUNCATE)...
2026-05-08 21:52:00 | INFO     | BigQueryLoader | load_dataframe:91 |   Partitioning on: event_timestamp
2026-05-08 21:52:00 | INFO     | BigQueryLoader | load_dataframe:98 |   Clustering on: ['customer_id', 'session_id', 'event_type']
2026-05-08 21:52:47 | INFO     | BigQueryLoader | load_dataframe:107 | Successfully loaded 3010000 rows into minpyws.techstore_analytics.fact_cart_events
2026-05-08 21:52:47 | INFO     | PipelineOrchestrator | run_full_pipeline:253 | Phase D complete. [RAM: 1289 MB]
2026-05-08 21:52:47 | INFO     | PipelineOrchestrator | run_full_pipeline:258 | ────────────────────────────────────────
2026-05-08 21:52:47 | INFO     | PipelineOrchestrator | run_full_pipeline:259 | PHASE E: BANK TRANSACTIONS [RAM: 1289 MB]
2026-05-08 21:52:47 | INFO     | PaymentExtractor | extract_mercury_transactions:71 | Starting Mercury transactions extraction...
2026-05-08 21:52:47 | INFO     | PaymentExtractor | extract_json_gzip:22 | Extracting: gs://minpy/mercury/transactions.json.gz
2026-05-08 21:52:52 | INFO     | PaymentExtractor | extract_json_gzip:51 | Extracted 5000 records from mercury/transactions.json.gz
2026-05-08 21:52:52 | INFO     | PaymentExtractor | extract_mercury_transactions:73 | Mercury transactions extraction complete: 5000 transactions
2026-05-08 21:52:52 | INFO     | PaymentExtractor | extract_mercury_accounts:59 | Starting Mercury accounts extraction...
2026-05-08 21:52:52 | INFO     | PaymentExtractor | extract_json_gzip:22 | Extracting: gs://minpy/mercury/accounts.json.gz
2026-05-08 21:52:54 | INFO     | PaymentExtractor | extract_json_gzip:51 | Extracted 3 records from mercury/accounts.json.gz
2026-05-08 21:52:54 | INFO     | PaymentExtractor | extract_mercury_accounts:61 | Mercury accounts extraction complete: 3 accounts
2026-05-08 21:52:54 | INFO     | FactTransformer | transform_fact_bank_transactions:634 | Transforming fact_bank_transactions...
2026-05-08 21:52:55 | INFO     | FactTransformer | check_duplicates:72 | [fact_bank_transactions] No duplicates found on ['transaction_key']
2026-05-08 21:52:55 | INFO     | FactTransformer | validate_date_range:116 | [fact_bank_transactions] Date range for 'transaction_date': 2025-10-08 16:05:19.307379 to 2026-01-06 16:05:19.480106
2026-05-08 21:52:55 | INFO     | FactTransformer | validate_amounts:152 | [fact_bank_transactions] 'amount_vnd' stats: mean=96,216,609, median=680,760, std=577,899,526
2026-05-08 21:52:55 | INFO     | FactTransformer | validate_amounts:152 | [fact_bank_transactions] 'amount_usd' stats: mean=4,009, median=28, std=24,079
2026-05-08 21:52:55 | INFO     | FactTransformer | transform_fact_bank_transactions:727 | fact_bank_transactions: 5000 rows
2026-05-08 21:52:55 | INFO     | PipelineOrchestrator | _load_tables:390 | Loading Bank transaction facts to BigQuery...
2026-05-08 21:52:55 | INFO     | BigQueryLoader | load_dataframe:74 | Loading 5000 rows into minpyws.techstore_analytics.fact_bank_transactions (disposition: WRITE_TRUNCATE)...
2026-05-08 21:52:55 | INFO     | BigQueryLoader | load_dataframe:91 |   Partitioning on: transaction_date
2026-05-08 21:53:01 | INFO     | BigQueryLoader | load_dataframe:107 | Successfully loaded 5000 rows into minpyws.techstore_analytics.fact_bank_transactions
2026-05-08 21:53:01 | INFO     | PipelineOrchestrator | run_full_pipeline:279 | Phase E complete. [RAM: 1289 MB]
2026-05-08 21:53:01 | INFO     | PipelineOrchestrator | run_full_pipeline:288 | ────────────────────────────────────────
2026-05-08 21:53:01 | INFO     | PipelineOrchestrator | run_full_pipeline:289 | PHASE F: AGGREGATES & VIEWS [RAM: 1289 MB]
2026-05-08 21:53:01 | INFO     | PipelineOrchestrator | _step_update_aggregates:418 | Updating customer aggregates...
2026-05-08 21:53:01 | INFO     | DimensionTransformer | update_customer_aggregates:301 | Updating customer aggregates with RFM segmentation...
2026-05-08 21:53:02 | INFO     | DimensionTransformer | _calculate_rfm_segments:400 | RFM Segment Distribution:
2026-05-08 21:53:02 | INFO     | DimensionTransformer | _calculate_rfm_segments:402 |   Champions: 5,415 customers
2026-05-08 21:53:02 | INFO     | DimensionTransformer | _calculate_rfm_segments:402 |   Lost: 3,958 customers
2026-05-08 21:53:02 | INFO     | DimensionTransformer | _calculate_rfm_segments:402 |   About To Sleep: 3,595 customers
2026-05-08 21:53:02 | INFO     | DimensionTransformer | _calculate_rfm_segments:402 |   Hibernating: 2,576 customers
2026-05-08 21:53:02 | INFO     | DimensionTransformer | _calculate_rfm_segments:402 |   Loyal: 2,404 customers
2026-05-08 21:53:02 | INFO     | DimensionTransformer | _calculate_rfm_segments:402 |   New Customer: 2,173 customers
2026-05-08 21:53:02 | INFO     | DimensionTransformer | _calculate_rfm_segments:402 |   Promising: 2,159 customers
2026-05-08 21:53:02 | INFO     | DimensionTransformer | _calculate_rfm_segments:402 |   At Risk: 2,124 customers
2026-05-08 21:53:02 | INFO     | DimensionTransformer | _calculate_rfm_segments:402 |   Potential Loyalist: 2,105 customers
2026-05-08 21:53:02 | INFO     | DimensionTransformer | _calculate_rfm_segments:402 |   Cannot Lose Them: 1,909 customers
2026-05-08 21:53:02 | INFO     | DimensionTransformer | _calculate_rfm_segments:402 |   Need Attention: 1,212 customers
2026-05-08 21:53:02 | INFO     | DimensionTransformer | update_customer_aggregates:329 | Customer aggregates and RFM segmentation updated successfully
2026-05-08 21:53:02 | INFO     | BigQueryLoader | load_dataframe:74 | Loading 100001 rows into minpyws.techstore_analytics.dim_customers (disposition: WRITE_TRUNCATE)...
2026-05-08 21:53:02 | INFO     | BigQueryLoader | load_dataframe:91 |   Partitioning on: created_at
2026-05-08 21:53:24 | INFO     | BigQueryLoader | load_dataframe:107 | Successfully loaded 100001 rows into minpyws.techstore_analytics.dim_customers
2026-05-08 21:53:24 | INFO     | PipelineOrchestrator | _step_update_aggregates:434 | Customer aggregates updated and reloaded
2026-05-08 21:53:24 | INFO     | PipelineOrchestrator | _step_create_views:440 | Creating analytical views...
2026-05-08 21:53:24 | INFO     | BigQueryLoader | create_views:170 | Creating analytical views...
2026-05-08 21:53:25 | INFO     | BigQueryLoader | create_views:181 | Created view: minpyws.techstore_analytics.vw_customer_journey
2026-05-08 21:53:26 | INFO     | BigQueryLoader | create_views:181 | Created view: minpyws.techstore_analytics.vw_cashflow_daily
2026-05-08 21:53:27 | INFO     | BigQueryLoader | create_views:181 | Created view: minpyws.techstore_analytics.vw_payment_status
2026-05-08 21:53:27 | INFO     | PipelineOrchestrator | _print_summary:446 | ============================================================
2026-05-08 21:53:27 | INFO     | PipelineOrchestrator | _print_summary:447 | PIPELINE EXECUTION SUMMARY
2026-05-08 21:53:27 | INFO     | PipelineOrchestrator | _print_summary:448 | ============================================================
2026-05-08 21:53:27 | INFO     | PipelineOrchestrator | _print_summary:449 | Total execution time: 874.0s (14.6min)
2026-05-08 21:53:27 | INFO     | PipelineOrchestrator | _print_summary:450 | 
2026-05-08 21:53:27 | INFO     | PipelineOrchestrator | _print_summary:451 | Tables loaded:
2026-05-08 21:53:27 | INFO     | PipelineOrchestrator | _print_summary:462 |   dim_customers: 100,001 rows
2026-05-08 21:53:27 | INFO     | PipelineOrchestrator | _print_summary:462 |   dim_products: 1,300 rows
2026-05-08 21:53:27 | INFO     | PipelineOrchestrator | _print_summary:462 |   dim_locations: 50 rows
2026-05-08 21:53:27 | INFO     | PipelineOrchestrator | _print_summary:462 |   dim_staff: 0 rows
2026-05-08 21:53:27 | INFO     | PipelineOrchestrator | _print_summary:462 |   dim_date: 1,461 rows
2026-05-08 21:53:27 | INFO     | PipelineOrchestrator | _print_summary:462 |   fact_orders: 704,556 rows
2026-05-08 21:53:27 | INFO     | PipelineOrchestrator | _print_summary:462 |   fact_order_items: 2,099,029 rows
2026-05-08 21:53:27 | INFO     | PipelineOrchestrator | _print_summary:462 |   fact_payments: 106,000 rows
2026-05-08 21:53:27 | INFO     | PipelineOrchestrator | _print_summary:462 |   fact_cart_events: 3,010,000 rows
2026-05-08 21:53:27 | INFO     | PipelineOrchestrator | _print_summary:462 |   fact_bank_transactions: 5,000 rows
2026-05-08 21:53:27 | INFO     | PipelineOrchestrator | _print_summary:470 | 
2026-05-08 21:53:27 | INFO     | PipelineOrchestrator | _print_summary:471 | Data Quality Issues:
2026-05-08 21:53:27 | INFO     | PipelineOrchestrator | _print_summary:473 |   ⚠ fact_orders.duplicates: 444
2026-05-08 21:53:27 | INFO     | PipelineOrchestrator | _print_summary:475 | 
2026-05-08 21:53:27 | INFO     | PipelineOrchestrator | _print_summary:476 | Views created: vw_customer_journey, vw_cashflow_daily, vw_payment_status
2026-05-08 21:53:27 | INFO     | PipelineOrchestrator | _print_summary:477 | ============================================================
2026-05-08 21:53:27 | INFO     | PipelineOrchestrator | _print_summary:478 | PIPELINE COMPLETED SUCCESSFULLY [RAM: 1302 MB]
2026-05-08 21:53:27 | INFO     | PipelineOrchestrator | _print_summary:479 | ============================================================
